vault,block_start,block_end,num_swaps,vol_token0,vol_token1
WBTC-USDC,19208958,19218957,51,0.86974273,75376.37748900
WBTC-USDC,19218958,19228957,53,0.89459019,77383.48649700
WBTC-USDC,19228958,19238957,183,2.07448776,180887.61503700
WBTC-USDC,19238958,19248957,856,10.82907227,949919.43999300
WBTC-USDC,19248958,19258957,160,2.55080380,219567.09851400
WBTC-USDC,19258958,19268957,80,1.33089887,114322.02177000
WBTC-USDC,19268958,19278957,25,0.64270493,55280.11600600
WBTC-USDC,19278958,19288957,108,1.39757097,120743.87742800
WBTC-USDC,19288958,19298957,64,0.36742802,31784.91977200
WBTC-USDC,19298958,19308957,57,0.52588373,45670.24296300
WBTC-USDC,19308958,19318957,32,0.40067480,34910.63252900
WBTC-USDC,19318958,19328957,630,8.12917858,716421.73268000
WBTC-USDC,19328958,19338957,537,6.99429868,608240.39992100
WBTC-USDC,19338958,19348957,312,4.43328418,378519.86487400
WBTC-USDC,19348958,19358957,171,2.29495589,196102.54065500
WBTC-USDC,19358958,19368957,46,0.87965578,75134.09846000
WBTC-USDC,19368958,19378957,390,3.82974664,331456.49646900
WBTC-USDC,19378958,19388957,186,1.50071037,131310.54737700
WBTC-USDC,19388958,19398957,95,0.74165051,65150.96998400
WBTC-USDC,19398958,19408957,60,0.70846810,62268.34217700
WBTC-USDC,19408958,19418957,442,5.51277172,485424.15817300
WBTC-USDC,19418958,19428957,256,3.76110321,329090.25637500
WBTC-USDC,19428958,19438957,144,2.16993353,190563.77383000
WBTC-USDC,19438958,19448957,74,0.52444453,46150.44948100
WBTC-USDC,19448958,19458957,14,0.13970573,12292.03743700
WBTC-USDC,19458958,19468957,37,0.26049046,22967.74691300
WBTC-USDC,19468958,19478957,30,0.07975837,7029.31542800
WBTC-USDC,19478958,19488957,16,0.05801362,5109.35539000
WBTC-USDC,19488958,19498957,50,0.68083687,59895.60958800
WBTC-USDC,19498958,19508957,26,0.11991069,10551.65871500
WBTC-USDC,19508958,19518957,16,0.12413718,10934.81116400
WBTC-USDC,19518958,19528957,18,0.15924444,14035.15868100
WBTC-USDC,19528958,19538957,32,0.20145933,17741.51889800
WBTC-USDC,19538958,19548957,20,0.19967691,17546.24521800
WBTC-USDC,19548958,19558957,4,0.02435105,2141.23553500
WBTC-USDC,19558958,19568957,73,0.70526788,62340.06665000
WBTC-USDC,19568958,19578957,40,0.29962587,26518.59252200
WBTC-USDC,19578958,19588957,155,2.00369177,176049.60846200
WBTC-USDC,19588958,19598957,68,0.66876915,58852.61790700
WBTC-USDC,19598958,19608957,77,0.66524839,58659.32839300
WBTC-USDC,19608958,19618957,90,0.89568056,79133.50228600
WBTC-USDC,19618958,19628957,339,3.52574376,312370.02484300
WBTC-USDC,19628958,19638957,94,0.61499977,54426.46573800
WBTC-USDC,19638958,19648957,67,0.60737782,54061.79066700
WBTC-USDC,19648958,19658957,105,1.04810491,93563.02641600
WBTC-USDC,19658958,19668957,93,0.82048876,73542.78020700
WBTC-USDC,19668958,19678957,391,4.59517828,411220.56831800
WBTC-USDC,19678958,19688957,176,1.23074784,109471.83636300
WBTC-USDC,19688958,19698957,153,1.41164406,124337.10993000
WBTC-USDC,19698958,19708957,93,0.66096372,58456.54537100
WBTC-USDC,19708958,19718957,85,1.00291159,88440.07067400
WBTC-USDC,19718958,19728957,58,0.71226983,62422.61520500
WBTC-USDC,19728958,19738957,29,0.39616931,34612.95545500
WBTC-USDC,19738958,19748957,35,0.98441803,86154.25571900
WBTC-USDC,19748958,19758957,167,4.17960513,365220.14646200
WBTC-USDC,19758958,19768957,233,5.46209789,477621.92161500
WBTC-USDC,19768958,19778957,167,2.71282202,237518.80852100
WBTC-USDC,19778958,19788957,172,3.99458831,350193.73720200
WBTC-USDC,19788958,19798957,39,1.36976070,119828.07995700
WBTC-USDC,19798958,19808957,95,0.89410307,77961.92574200
WBTC-USDC,19808958,19818957,77,1.02458728,89129.03840200
WBTC-USDC,19818958,19828957,28,0.42327387,36786.39982000
WBTC-USDC,19828958,19838957,44,0.89680781,78232.72620200
WBTC-USDC,19838958,19848957,153,4.16388604,362047.66694300
WBTC-USDC,19848958,19858957,84,1.43540191,125329.67762500
WBTC-USDC,19858958,19868957,14,0.23204628,20296.89280400
WBTC-USDC,19868958,19878957,64,0.36898954,32372.74522300
WBTC-USDC,19878958,19888957,23,0.24483485,21445.13186900
WBTC-USDC,19888958,19898957,9,0.05458776,4783.91427200
WBTC-USDC,19898958,19908957,25,0.22995024,20114.93741100
WBTC-USDC,19908958,19918957,30,0.32478955,28357.60046800
WBTC-USDC,19918958,19928957,27,0.12210423,10669.23094200
WBTC-USDC,19928958,19938957,132,1.06709730,93851.22938800
WBTC-USDC,19938958,19948957,18,0.25006828,22020.21196000
WBTC-USDC,19948958,19958957,26,0.39318356,34497.45996300
WBTC-USDC,19958958,19968957,141,2.05310279,179031.76186000
WBTC-USDC,19968958,19978957,288,1.64435321,145256.77764100
WBTC-USDC,19978958,19988957,59,0.51459796,45646.87980100
WBTC-USDC,19988958,19998957,154,1.19191470,105621.03334200
WBTC-USDC,19998958,20008957,34,0.28420536,25164.44360300
WBTC-USDC,20008958,20018957,158,2.07927934,182654.74586100
WBTC-USDC,20018958,20028957,153,1.68456226,146486.90855800
WBTC-USDC,20028958,20038957,37,0.69476626,60610.61781800
WBTC-USDC,20038958,20048957,24,0.26069959,22779.63042200
WBTC-USDC,20048958,20058957,13,0.26833237,23414.98497400
WBTC-USDC,20058958,20068957,26,0.86166232,75375.08716000
WBTC-USDC,20068958,20078957,14,0.15871339,13878.36730500
WBTC-USDC,20078958,20088957,10,0.05757967,5035.61981600
WBTC-USDC,20088958,20098957,16,0.11535455,10078.54991800
WBTC-USDC,20098958,20108957,29,0.15751159,13761.35610000
WBTC-USDC,20108958,20118957,12,0.01457674,1273.92305200
WBTC-USDC,20118958,20128957,7,0.05027488,4399.33878000
WBTC-USDC,20128958,20138957,44,0.68035599,59639.39000600
WBTC-USDC,20138958,20148957,9,0.15943416,13990.71066900
WBTC-USDC,20148958,20158957,12,0.11814529,10353.50191600
WBTC-USDC,20158958,20168957,13,0.19397438,17024.38280100
WBTC-USDC,20168958,20178957,28,0.22967750,20162.22228000
WBTC-USDC,20178958,20188957,15,0.16274404,14293.81756300
WBTC-USDC,20188958,20198957,29,0.37404610,32842.97158800
WBTC-USDC,20198958,20208957,37,0.43480597,38079.96544900
WBTC-USDC,20208958,20218957,24,0.20844214,18232.31798800
WBTC-USDC,20218958,20228957,116,1.54682306,135966.47706500
WBTC-USDC,20228958,20238957,279,1.73782051,154390.00598100
WBTC-USDC,20238958,20248957,80,0.51897152,46555.09748300
WBTC-USDC,20248958,20258957,176,1.85926065,165216.34670500
WBTC-USDC,20258958,20268957,169,1.75157738,153136.44764600
WBTC-USDC,20268958,20278957,220,2.89082527,252958.84599500
WBTC-USDC,20278958,20288957,141,1.75674590,153742.21037200
WBTC-USDC,20288958,20298957,111,1.39603881,121950.91013300
WBTC-USDC,20298958,20308957,52,0.42113865,36707.24360600
WBTC-USDC,20308958,20318957,47,0.52422198,45683.86323900
WBTC-USDC,20318958,20328957,85,0.72005276,62726.51349500
WBTC-USDC,20328958,20338957,40,0.49103733,42892.89432900
WBTC-USDC,20338958,20348957,161,1.53606375,134879.74643400
WBTC-USDC,20348958,20358957,65,0.55046489,48362.17192600
WBTC-USDC,20358958,20368957,295,3.44931524,304445.83213800
WBTC-USDC,20368958,20378957,140,1.63754181,144653.86772400
WBTC-USDC,20378958,20388957,118,1.33874578,117765.50142800
WBTC-USDC,20388958,20398957,32,0.21239345,18719.21138500
WBTC-USDC,20398958,20408957,69,0.69379924,61247.90209600
WBTC-USDC,20408958,20418957,25,0.20095655,17719.95851500
WBTC-USDC,20418958,20428957,36,0.29034493,25622.86607600
WBTC-USDC,20428958,20438957,98,0.63277481,55959.41529500
WBTC-USDC,20438958,20448957,101,0.73511298,65147.29211100
WBTC-USDC,20448958,20458957,208,2.03471400,178703.02496300
WBTC-USDC,20458958,20468957,60,0.50820649,44497.24114600
WBTC-USDC,20468958,20478957,53,0.47216121,41289.71906900
WBTC-USDC,20478958,20488957,46,0.47417885,41553.25708700
WBTC-USDC,20488958,20498957,40,0.42562194,37322.77132600
WBTC-USDC,20498958,20508957,5,0.05440342,4762.94377300
WBTC-USDC,20508958,20518957,40,0.88483427,77541.67768900
WBTC-USDC,20518958,20528957,9,0.05449125,4785.45065800
WBTC-USDC,20528958,20538957,27,0.29171755,25608.82247700
WBTC-USDC,20538958,20548957,93,0.77511324,68262.64163600
WBTC-USDC,20548958,20558957,29,0.28544805,25143.83843200
WBTC-USDC,20558958,20568957,36,0.43902709,38790.18661500
WBTC-USDC,20568958,20578957,53,0.58484311,51698.08463600
WBTC-USDC,20578958,20588957,67,0.57848304,51196.44139200
WBTC-USDC,20588958,20598957,59,0.42757642,37889.46529800
WBTC-USDC,20598958,20608957,110,0.69731069,62082.81921200
WBTC-USDC,20608958,20618957,99,0.64558478,57510.84287400
WBTC-USDC,20618958,20628957,538,5.34160184,475641.81685300
WBTC-USDC,20628958,20638957,311,3.03046517,272346.74421100
WBTC-USDC,20638958,20648957,128,1.29783128,116429.79944700
WBTC-USDC,20648958,20658957,77,0.51556830,46343.20574700
WBTC-USDC,20658958,20668957,39,0.24568275,22099.59380800
WBTC-USDC,20668958,20678957,51,0.46880018,42142.49365000
WBTC-USDC,20678958,20688957,93,0.96125576,85977.64534000
WBTC-USDC,20688958,20698957,31,0.27189809,24363.77161200
WBTC-USDC,20698958,20708957,40,0.34083250,30608.09202100
WBTC-USDC,20708958,20718957,41,0.28532499,25635.84864500
WBTC-USDC,20718958,20728957,10,0.08976529,8067.21581000
WBTC-USDC,20728958,20738957,61,0.24142455,21738.74615700
WBTC-USDC,20738958,20748957,189,1.51031564,137026.88894100
WBTC-USDC,20748958,20758957,86,0.69905899,63534.82962100
WBTC-USDC,20758958,20768957,42,0.41358063,37602.76147500
WBTC-USDC,20768958,20778957,62,0.42963527,39042.16047400
WBTC-USDC,20778958,20788957,67,0.43731567,39751.76347000
WBTC-USDC,20788958,20798957,75,0.43184509,39213.51004200
WBTC-USDC,20798958,20808957,60,0.75148023,68335.29530300
WBTC-USDC,20808958,20818957,112,1.30968893,119013.48322500
WBTC-USDC,20818958,20828957,132,1.25329762,114515.43135300
WBTC-USDC,20828958,20838957,222,1.88086710,173602.88558900
WBTC-USDC,20838958,20848957,133,1.15620948,106890.65057400
WBTC-USDC,20848958,20858957,99,0.66293412,61121.54739600
WBTC-USDC,20858958,20868957,125,1.04037301,96209.68068300
WBTC-USDC,20868958,20878957,117,0.97284031,90065.54314400
WBTC-USDC,20878958,20888957,353,3.58026751,333172.04682500
WBTC-USDC,20888958,20898957,221,2.03798832,190934.10529800
WBTC-USDC,20898958,20908957,171,1.46968391,138025.28819000
WBTC-USDC,20908958,20918957,79,0.49979948,46818.69055700
WBTC-USDC,20918958,20928957,63,0.42034604,39353.00675000
WBTC-USDC,20928958,20938957,44,0.30209170,28260.63519200
WBTC-USDC,20938958,20948957,87,0.82191552,76669.32000000
WBTC-USDC,20948958,20958957,23,0.20063015,18761.31349800
WBTC-USDC,20958958,20968957,272,2.27243901,213168.83936000
WBTC-USDC,20968958,20978957,274,2.87860884,267976.50720300
WBTC-USDC,20978958,20988957,227,2.14748594,197328.36817700
WBTC-USDC,20988958,20998957,221,2.66909606,248403.26427100
WBTC-USDC,20998958,21008957,112,1.33908383,124193.33093500
WBTC-USDC,21008958,21018957,64,0.82987847,76949.25622800
WBTC-USDC,21018958,21028957,37,0.58957040,54618.32119200
WBTC-USDC,21028958,21038957,90,1.05564319,97318.68196500
WBTC-USDC,21038958,21048957,49,0.53903194,49573.45186800
WBTC-USDC,21048958,21058957,359,4.46199394,408678.27796700
WBTC-USDC,21058958,21068957,168,2.06861656,189031.08424500
WBTC-USDC,21068958,21078957,115,1.51417401,137731.92258500
WBTC-USDC,21078958,21088957,120,1.29094875,117736.13504800
WBTC-USDC,21088958,21098957,51,0.97302748,88694.21661800
WBTC-USDC,21098958,21108957,54,0.74465916,67684.13420200
WBTC-USDC,21108958,21118957,143,2.05120307,185247.69147800
WBTC-USDC,21118958,21128957,69,1.25757509,113309.05685700
WBTC-USDC,21128958,21138957,88,1.22273320,110029.02344400
WBTC-USDC,21138958,21148957,424,4.69895229,423213.87980200
WBTC-USDC,21148958,21158957,124,1.12496118,102305.44752100
WBTC-USDC,21158958,21168957,112,0.87646211,79570.47169600
WBTC-USDC,21168958,21178957,44,0.34345350,31243.32889700
WBTC-USDC,21178958,21188957,163,1.49026408,135565.96759600
WBTC-USDC,21188958,21198957,37,0.29134459,26463.65132000
WBTC-USDC,21198958,21208957,143,1.42410051,128419.85595500
WBTC-USDC,21208958,21218957,42,0.50563278,45653.08373000
WBTC-USDC,21218958,21228957,257,2.94163380,265363.74211800
WBTC-USDC,21228958,21238957,295,3.33591707,303790.45824400
WBTC-USDC,21238958,21248957,210,1.87780879,169916.88949300
WBTC-USDC,21248958,21258957,53,0.58834258,53119.71004900
WBTC-USDC,21258958,21268957,8,0.06750450,6103.16426400
WBTC-USDC,21268958,21278957,15,0.13465415,12167.09992100
WBTC-USDC,21278958,21288957,12,0.12965191,11713.35852200
WBTC-USDC,21288958,21298957,13,0.06769915,6125.70228000
WBTC-USDC,21298958,21308957,9,0.06020047,5448.44862200
WBTC-USDC,21308958,21318957,9,0.08465596,7655.27124400
WBTC-USDC,21318958,21328957,9,0.05432874,4909.46726200
WBTC-USDC,21328958,21338957,3,0.01007379,909.75236300
WBTC-USDC,21338958,21348957,11,0.10798534,9754.53349500
WBTC-USDC,21348958,21358957,4,0.00059054,53.39136700
WBTC-USDC,21358958,21368957,21,0.08058036,7290.42018100
WBTC-USDC,21368958,21378957,9,0.10465916,9466.69416600
WBTC-USDC,21378958,21388957,7,0.07703335,6975.62005600
WBTC-USDC,21388958,21398957,15,0.05866821,5319.71200900
WBTC-USDC,21398958,21408957,85,0.46290976,42028.20403700
WBTC-USDC,21408958,21418957,19,0.30227397,27411.48891800
WBTC-USDC,21418958,21428957,22,0.47425583,42908.89464000
WBTC-USDC,21428958,21438957,128,1.67855525,152443.79643500
WBTC-USDC,21438958,21448957,122,1.09284144,100121.95068100
WBTC-USDC,21448958,21458957,39,0.39876888,36599.45650700
WBTC-USDC,21458958,21468957,71,1.18396620,107514.97691900
WBTC-USDC,21468958,21478957,22,0.54252377,49094.15411400
WBTC-USDC,21478958,21488957,124,1.69951667,153913.95901700
WBTC-USDC,21488958,21498957,134,1.85957999,169988.82689200
WBTC-USDC,21498958,21508957,63,0.76239664,69728.69023000
WBTC-USDC,21508958,21518957,30,0.58468967,53246.82536800
WBTC-USDC,21518958,21528957,23,0.38327401,34928.23143900
WBTC-USDC,21528958,21538957,64,0.60663768,55440.30139900
WBTC-USDC,21538958,21548957,65,0.52508094,48198.90226300
WBTC-USDC,21548958,21558957,67,0.61666179,56731.70425600
WBTC-USDC,21558958,21568957,54,0.77261585,71107.33159300
WBTC-USDC,21568958,21578957,260,2.45730381,227192.43854200
WBTC-USDC,21578958,21588957,167,1.39352940,129725.86473500
WBTC-USDC,21588958,21598957,120,0.87140202,81716.46544300
WBTC-USDC,21598958,21608957,365,2.97359728,281109.95477600
WBTC-USDC,21608958,21618957,89,0.53031667,50395.08591500
WBTC-USDC,21618958,21628957,76,0.61132774,58008.91055400
WBTC-USDC,21628958,21638957,95,0.63951429,60527.95790300
WBTC-USDC,21638958,21648957,83,0.63790168,60437.59763700
WBTC-USDC,21648958,21658957,127,1.17888151,111977.81387800
WBTC-USDC,21658958,21668957,296,2.70910509,261029.12650500
WBTC-USDC,21668958,21678957,264,2.97690010,287701.62561900
WBTC-USDC,21678958,21688957,58,0.74099547,71768.18535900
WBTC-USDC,21688958,21698957,142,1.19915206,115615.03840300
WBTC-USDC,21698958,21708957,284,2.35513244,225579.98359700
WBTC-USDC,21708958,21718957,71,0.73295633,70343.02454500
WBTC-USDC,21718958,21728957,159,1.32917664,128036.28243800
WBTC-USDC,21728958,21738957,99,1.15583050,111420.99755800
WBTC-USDC,21738958,21748957,260,3.69947194,355191.15244600
WBTC-USDC,21748958,21758957,397,5.13256309,493169.65017300
WBTC-USDC,21758958,21768957,174,1.95250588,186128.64770000
WBTC-USDC,21768958,21778957,68,1.06102326,101156.21252400
WBTC-USDC,21778958,21788957,59,0.99487432,94894.67341200
WBTC-USDC,21788958,21798957,55,0.56247527,53529.73057400
WBTC-USDC,21798958,21808957,32,0.52451509,50023.15584100
WBTC-USDC,21808958,21818957,33,0.39548875,37713.38299900
WBTC-USDC,21818958,21828957,13,0.22321945,21269.30010300
WBTC-USDC,21828958,21838957,194,3.10953611,294996.00833300
WBTC-USDC,21838958,21848957,61,0.64160352,60739.07456600
WBTC-USDC,21848958,21858957,65,0.70036524,66493.50540300
WBTC-USDC,21858958,21868957,10,0.10220786,9729.95807900
WBTC-USDC,21868958,21878957,23,0.46634386,44373.87514800
WBTC-USDC,21878958,21888957,8,0.03232866,3071.94113700
WBTC-USDC,21888958,21898957,22,0.21054403,20004.03056100
WBTC-USDC,21898958,21908957,39,0.23429762,22271.52918500
WBTC-USDC,21908958,21918957,36,0.28999872,27598.46187600
WBTC-USDC,21918958,21928957,51,0.52788130,50289.23423000
WBTC-USDC,21928958,21938957,10,0.03978584,3786.23728000
WBTC-USDC,21938958,21948957,17,0.24879513,23663.04850400
WBTC-USDC,21948958,21958957,15,0.16680733,15836.26912200
WBTC-USDC,21958958,21968957,25,0.61773577,58594.85700200
WBTC-USDC,21968958,21978957,8,0.06942427,6592.90732800
WBTC-USDC,21978958,21988957,32,0.32214894,30585.62101700
WBTC-USDC,21988958,21998957,11,0.01215072,1154.47151900
WBTC-USDC,21998958,22008957,37,0.62654573,59517.97968000
WBTC-USDC,22008958,22018957,39,0.48521394,46156.43355200
WBTC-USDC,22018958,22028957,34,0.32506158,30968.73134100
WBTC-USDC,22028958,22038957,387,4.12068823,385942.97376600
WBTC-USDC,22038958,22048957,441,4.50745235,416925.60608200
WBTC-USDC,22048958,22058957,57,0.74210795,68707.16929700
WBTC-USDC,22058958,22068957,96,1.09538120,101446.39423500
WBTC-USDC,22068958,22078957,36,0.51380205,47779.43930700
WBTC-USDC,22078958,22088957,57,0.81203182,75473.87346500
WBTC-USDC,22088958,22098957,52,0.81998093,76156.95676400
WBTC-USDC,22098958,22108957,40,0.37376701,34765.92352000
WBTC-USDC,22108958,22118957,49,0.60413036,56147.95196200
WBTC-USDC,22118958,22128957,184,2.13915882,197926.61826500
WBTC-USDC,22128958,22138957,49,0.77693745,71843.27574000
WBTC-USDC,22138958,22148957,422,2.96302819,270927.01006200
WBTC-USDC,22148958,22158957,338,1.99858030,181722.60001500
WBTC-USDC,22158958,22168957,157,1.06857048,97411.27298800
WBTC-USDC,22168958,22178957,705,4.48425049,407196.50670300
WBTC-USDC,22178958,22188957,570,3.79900034,343087.70216900
WBTC-USDC,22188958,22198957,124,1.75504609,157290.10504600
WBTC-USDC,22198958,22208957,157,2.81020738,249740.36206000
WBTC-USDC,22208958,22218957,261,1.09870255,97500.01801700
WBTC-USDC,22218958,22228957,206,1.13052723,100906.26829700
WBTC-USDC,22228958,22238957,172,1.20771890,108114.87535300
WBTC-USDC,22238958,22248957,210,1.60961342,143527.31855100
WBTC-USDC,22248958,22258957,293,1.96961947,174568.19212100
WBTC-USDC,22258958,22268957,455,4.31920853,386400.48719800
WBTC-USDC,22268958,22278957,805,7.68997169,677993.26149800
WBTC-USDC,22278958,22288957,441,3.96131480,354112.13265400
WBTC-USDC,22288958,22298957,125,1.73297062,155295.71910300
WBTC-USDC,22298958,22308957,87,1.36146596,122247.50113800
WBTC-USDC,22308958,22318957,55,0.61069668,54765.87272500
WBTC-USDC,22318958,22328957,46,0.71609094,64220.34062600
WBTC-USDC,22328958,22338957,44,0.45806361,41105.98671200
WBTC-USDC,22338958,22348957,171,4.39046446,392770.25449500
WBTC-USDC,22348958,22358957,377,8.01852091,712889.60184600
WBTC-USDC,22358958,22368957,215,4.25331008,379237.59857000
WBTC-USDC,22368958,22378957,132,2.86679880,255677.41038800
WBTC-USDC,22378958,22388957,42,0.76160296,67924.42642300
WBTC-USDC,22388958,22398957,79,0.98986123,88559.31031100
WBTC-USDC,22398958,22408957,82,2.23442319,200039.68507300
WBTC-USDC,22408958,22418957,75,1.60978513,143249.91236100
WBTC-USDC,22418958,22428957,42,0.95915042,85246.40033300
WBTC-USDC,22428958,22438957,236,5.79504862,514713.53878900
WBTC-USDC,22438958,22448957,394,9.62299966,863964.47589400
WBTC-USDC,22448958,22458957,242,6.07963553,545866.05082900
WBTC-USDC,22458958,22468957,63,1.51819673,135521.00667100
WBTC-USDC,22468958,22478957,28,0.43930031,39219.00546500
WBTC-USDC,22478958,22488957,30,0.45415911,40632.33939600
WBTC-USDC,22488958,22498957,20,0.36486475,32617.64903900
WBTC-USDC,22498958,22508957,7,0.01940466,1734.14384800
WBTC-USDC,22508958,22518957,9,0.10457633,9339.67303800
WBTC-USDC,22518958,22528957,36,1.15195772,102719.74679400
WBTC-USDC,22528958,22538957,25,0.29659625,26448.15982400
WBTC-USDC,22538958,22548957,16,0.14451452,12895.99720100
WBTC-USDC,22548958,22558957,55,0.79697449,71031.69240400
WBTC-USDC,22558958,22568957,28,0.48166044,42865.45974700
WBTC-USDC,22568958,22578957,74,1.33054661,118144.28626200
WBTC-USDC,22578958,22588957,92,1.67213215,147883.74833500
WBTC-USDC,22588958,22598957,67,0.86043433,76012.56370600
WBTC-USDC,22598958,22608957,90,1.25866951,111421.36901800
WBTC-USDC,22608958,22618957,239,5.09104216,447758.75344800
WBTC-USDC,22618958,22628957,418,8.22362420,716185.62851400
WBTC-USDC,22628958,22638957,252,6.73356718,581427.79858500
WBTC-USDC,22638958,22648957,246,5.55775157,481113.07906000
WBTC-USDC,22648958,22658957,227,3.13397135,273413.89998500
WBTC-USDC,22658958,22668957,66,0.95036073,83169.77785100
WBTC-USDC,22668958,22678957,170,2.58134507,226197.06779200
WBTC-USDC,22678958,22688957,45,0.69037453,60410.74222800
WBTC-USDC,22688958,22698957,255,4.95442329,434585.36271100
WBTC-USDC,22698958,22708957,365,7.81045729,682085.56009800
WBTC-USDC,22708958,22718957,121,2.84453469,249442.25520400
WBTC-USDC,22718958,22728957,110,2.08992110,183507.96585700
WBTC-USDC,22728958,22738957,96,1.22694662,108030.09231300
WBTC-USDC,22738958,22748957,51,0.70011655,61756.09373700
WBTC-USDC,22748958,22758957,43,0.84213276,74142.43105000
WBTC-USDC,22758958,22768957,59,0.96180097,84461.21980500
WBTC-USDC,22768958,22778957,42,0.88860011,77951.01218200
WBTC-USDC,22778958,22788957,307,6.26717225,549747.44794000
WBTC-USDC,22788958,22798957,284,5.64328516,494639.03405800
WBTC-USDC,22798958,22808957,198,2.55086678,225869.57312000
WBTC-USDC,22808958,22818957,86,1.14250651,101551.07516600
WBTC-USDC,22818958,22828957,64,1.23923720,110109.07362400
WBTC-USDC,22828958,22838957,54,1.11677527,99056.51170300
WBTC-USDC,22838958,22848957,64,0.84894895,75371.57471000
WBTC-USDC,22848958,22858957,122,1.75400212,156285.78081000
WBTC-USDC,22858958,22868957,161,2.46118406,220392.30350500
WBTC-USDC,22868958,22878957,248,5.66611697,504903.24088100
WBTC-USDC,22878958,22888957,365,7.69808843,687198.33620100
WBTC-USDC,22888958,22898957,171,2.80046527,249312.88225800
WBTC-USDC,22898958,22908957,83,1.78475507,158210.88779300
WBTC-USDC,22908958,22918957,186,2.84515127,250247.37342400
WBTC-USDC,22918958,22928957,37,0.98660032,86843.11835300
WBTC-USDC,22928958,22938957,75,1.93198011,169914.83562000
WBTC-USDC,22938958,22948957,116,1.54792872,135897.41631500
WBTC-USDC,22948958,22958957,605,5.10336798,444145.08166700
WBTC-USDC,22958958,22968957,537,11.84290281,1004532.08278200
WBTC-USDC,22968958,22978957,322,7.01166254,588430.05467700
WBTC-USDC,22978958,22988957,82,1.54207773,129974.18576000
WBTC-USDC,22988958,22998957,565,8.73841796,726160.47549200
WBTC-USDC,22998958,23008957,254,11.50545045,944873.46091100
WBTC-USDC,23008958,23018957,277,3.55546720,292381.25908100
WBTC-USDC,23018958,23028957,179,2.66108876,218521.69766000
WBTC-USDC,23028958,23038957,197,2.82280170,232425.22575600
WBTC-USDC,23038958,23048957,499,11.13703501,920044.49282900
WBTC-USDC,23048958,23058957,679,12.50292541,1032673.42074000
WBTC-USDC,23058958,23068957,581,12.97510721,1085370.29052900
WBTC-USDC,23068958,23078957,97,2.11526235,177236.83230400
WBTC-USDC,23078958,23088957,90,1.33629999,111869.93163200
WBTC-USDC,23088958,23098957,56,1.10090078,92054.14226800
WBTC-USDC,23098958,23108957,230,4.88273082,404673.80770100
WBTC-USDC,23108958,23118957,86,2.03135803,168202.70456900
WBTC-USDC,23118958,23128957,450,7.18870549,588895.92638000
WBTC-USDC,23128958,23138957,1136,19.71033681,1588613.69845500
WBTC-USDC,23138958,23148957,1356,30.49652218,2370797.22794200
WBTC-USDC,23148958,23158957,392,8.59057089,666978.76509500
WBTC-USDC,23158958,23168957,474,6.39351843,501739.07539900
WBTC-USDC,23168958,23178957,160,2.71880291,213254.83638300
WBTC-USDC,23178958,23188957,280,4.36769724,341317.94039700
WBTC-USDC,23188958,23198957,225,3.18517005,249601.10646500
WBTC-USDC,23198958,23208957,258,5.62796157,440146.69822200
WBTC-USDC,23208958,23218957,784,15.18768671,1176768.04662100
WBTC-USDC,23218958,23228957,564,11.73192981,907898.15216900
WBTC-USDC,23228958,23238957,503,12.18163092,938556.68923600
WBTC-USDC,23238958,23248957,1080,24.61565349,1889534.84434900
WBTC-USDC,23248958,23258957,711,16.60124808,1280182.26050600
WBTC-USDC,23258958,23268957,1051,17.64821420,1337737.89231800
WBTC-USDC,23268958,23278957,853,17.98833545,1365483.32645700
WBTC-USDC,23278958,23288957,333,4.82515608,371690.01074100
WBTC-USDC,23288958,23298957,325,3.45046719,267793.04342900
WBTC-USDC,23298958,23308957,995,13.71714350,1069721.36299400
WBTC-USDC,23308958,23318957,388,3.79736316,297193.24249900
WBTC-USDC,23318958,23328957,340,6.01332017,468924.08697600
WBTC-USDC,23328958,23338957,248,2.02398685,158470.87742300
WBTC-USDC,23338958,23348957,346,5.42425527,422998.55102000
WBTC-USDC,23348958,23358957,248,3.96100282,309360.40810700
WBTC-USDC,23358958,23368957,306,3.48757856,272248.63834800
WBTC-USDC,23368958,23378957,148,2.76069087,215191.42624000
WBTC-USDC,23378958,23388957,471,9.66518921,750301.83337600
WBTC-USDC,23388958,23398957,838,19.28322973,1477843.78400000
WBTC-USDC,23398958,23408957,1142,24.28626762,1815958.29612000
WBTC-USDC,23408958,23418957,626,8.96650119,679346.43812400
WBTC-USDC,23418958,23428957,416,6.64381760,503950.21451000
WBTC-USDC,23428958,23438957,256,5.53587437,420888.28897200
WBTC-USDC,23438958,23448957,174,3.67164572,279622.19232300
WBTC-USDC,23448958,23458957,231,4.62851445,351688.90431700
WBTC-USDC,23458958,23468957,298,5.82954894,441248.13895500
WBTC-USDC,23468958,23478957,1266,29.57594329,2204623.50654500
WBTC-USDC,23478958,23488957,1613,30.71350860,2244864.77001900
WBTC-USDC,23488958,23498957,591,15.73300886,1153642.93486900
WBTC-USDC,23498958,23508957,793,16.99617618,1236298.82280000
WBTC-USDC,23508958,23518957,1129,25.46427855,1838879.03899200
WBTC-USDC,23518958,23528957,930,19.97155343,1415718.70589800
WBTC-USDC,23528958,23538957,577,12.56363379,889602.18735700
WBTC-USDC,23538958,23548957,529,11.28953862,799155.15005500
WBTC-USDC,23548958,23558957,993,18.75073174,1306439.77941900
WBTC-USDC,23558958,23568957,1890,28.88068875,1987517.09888600
WBTC-USDC,23568958,23578957,1445,24.79532354,1651115.62249900
WBTC-USDC,23578958,23588957,1730,11.58001782,735837.59099800
WBTC-USDC,23588958,23598957,1730,11.65622322,716888.28053400
WBTC-USDC,23598958,23608957,956,3.48467766,225096.84252300
WBTC-USDC,23608958,23618957,939,6.21217478,408294.72385800
WBTC-USDC,23618958,23628957,774,3.00665308,194973.59906200
WBTC-USDC,23628958,23638957,496,4.49280162,296655.55687700
WBTC-USDC,23638958,23648957,1449,27.92872767,1879635.91310700
WBTC-USDC,23648958,23658957,1460,28.12065751,1950046.78111900
WBTC-USDC,23658958,23668957,849,20.47962700,1430219.46373000
WBTC-USDC,23668958,23678957,585,12.77624226,899368.95135500
WBTC-USDC,23678958,23688957,474,12.57079816,879376.83406100
WBTC-USDC,23688958,23698957,511,9.43616176,665157.48324500
WBTC-USDC,23698958,23708957,962,23.82365838,1639809.81168400
WBTC-USDC,23708958,23718957,388,9.00391870,613550.43960700
WBTC-USDC,23718958,23728957,685,15.32135270,1054162.39944200
WBTC-USDC,23728958,23738957,1061,27.98517333,1932432.38621900
WBTC-USDC,23738958,23748957,539,8.53164358,587993.62330600
WBTC-USDC,23748958,23758957,166,2.90566643,201034.44145900
WBTC-USDC,23758958,23768957,256,5.94642273,410040.29448600
WBTC-USDC,23768958,23778957,230,4.90743482,339087.95024900
WBTC-USDC,23778958,23788957,157,2.85737942,197194.48392600
WBTC-USDC,23788958,23798957,325,5.57394309,388131.32562500
WBTC-USDC,23798958,23808957,307,3.89687383,273323.73463400
WBTC-USDC,23808958,23818957,270,2.49419514,176552.77929400
WBTC-USDC,23818958,23828957,359,3.71535651,262354.00461300
WBTC-USDC,23828958,23838957,257,2.81536081,199313.14359400
WBTC-USDC,23838958,23848957,194,2.51314016,177376.86012900
WBTC-USDC,23848958,23858957,651,5.99405490,423393.91478700
WBTC-USDC,23858958,23868957,313,3.66031927,258819.44151900
WBTC-USDC,23868958,23878957,175,1.44557632,101913.56100200
WBTC-USDC,23878958,23888957,269,1.64940404,114895.32842400
WBTC-USDC,23888958,23898957,346,1.56572401,107471.16812100
WBTC-USDC,23898958,23908957,711,3.66508834,252323.29217700
WBTC-USDC,23908958,23918957,700,4.04621498,283028.18897900
WBTC-USDC,23918958,23928957,408,3.41496179,240439.27376700
WBTC-USDC,23928958,23938957,278,1.62128906,113626.05942800
WBTC-USDC,23938958,23948957,246,1.70837292,119463.42998800
WBTC-USDC,23948958,23958957,205,1.36782842,94974.92886000
WBTC-USDC,23958958,23968957,369,1.59923090,110155.94718400
WBTC-USDC,23968958,23978957,194,1.02184839,70376.68431100
WBTC-USDC,23978958,23988957,259,1.35047571,92594.86019900
WBTC-USDC,23988958,23998957,726,4.57505565,314737.89559300
WBTC-USDC,23998958,24008957,430,4.07944559,281727.83627900
WBTC-USDC,24008958,24018957,278,2.12237901,145560.33815100
WBTC-USDC,24018958,24028957,191,1.10685536,75968.15133700
WBTC-USDC,24028958,24038957,249,1.71774464,117699.45781500
WBTC-USDC,24038958,24048957,402,3.26824534,219959.75630200
WBTC-USDC,24048958,24058957,297,2.35772862,157281.97678700
WBTC-USDC,24058958,24068957,205,1.28906925,85887.07339000
WBTC-USDC,24068958,24078957,674,7.34724353,494835.71849500
WBTC-USDC,24078958,24088957,847,8.90379348,590164.80539200
WBTC-USDC,24088958,24098957,531,7.44708093,499217.19093700
WBTC-USDC,24098958,24108957,416,5.17250200,349096.42827800
WBTC-USDC,24108958,24118957,312,4.10649245,275759.98391500
WBTC-USDC,24118958,24128957,209,2.14358998,144146.91713200
WBTC-USDC,24128958,24138957,229,2.41182218,161259.24041800
WBTC-USDC,24138958,24148957,190,1.48873960,99818.78143800
WBTC-USDC,24148958,24158957,264,2.48177051,167895.94527500
WBTC-USDC,24158958,24168957,713,9.77762077,660272.15581200
WBTC-USDC,24168958,24178957,701,6.82415001,450932.25130200
WBTC-USDC,24178958,24188957,241,1.42187625,93247.17397600
WBTC-USDC,24188958,24198957,257,1.81473754,119814.10983800
WBTC-USDC,24198958,24208957,220,2.26683638,149956.16241700
WBTC-USDC,24208958,24218957,163,1.28599725,85307.19247400
WBTC-USDC,24218958,24228957,168,1.81893297,120311.52617800
WBTC-USDC,24228958,24238957,266,2.17570457,144933.88592500
WBTC-USDC,24238958,24248957,283,3.07220925,205819.02316700
WBTC-USDC,24248958,24258957,837,10.92221075,741068.45068200
WBTC-USDC,24258958,24268957,223,2.18164715,149914.38678000
WBTC-USDC,24268958,24278957,170,1.41888344,97229.51460000
WBTC-USDC,24278958,24288957,134,0.60594888,41530.86123400
WBTC-USDC,24288958,24298957,87,0.14308142,9818.06537300
WBTC-USDC,24298958,24308957,62,0.23774027,16296.14536900
WBTC-USDC,24308958,24318957,157,0.89993499,62094.28076000
WBTC-USDC,24318958,24328957,286,2.53414071,177020.83300300
WBTC-USDC,24328958,24338957,259,2.49941528,173051.69470100
WBTC-USDC,24338958,24348957,175,1.24154946,86062.09047000
WBTC-USDC,24348958,24358957,188,1.09677580,76214.63799200
WBTC-USDC,24358958,24368957,118,1.11777187,77866.43703900
WBTC-USDC,24368958,24378957,132,1.32151582,91634.13462700
WBTC-USDC,24378958,24388957,217,2.11761479,147095.07014400
WBTC-USDC,24388958,24398957,154,0.93110169,65249.88516000
WBTC-USDC,24398958,24408957,188,1.00898259,70729.42181600
WBTC-USDC,24408958,24418957,206,1.88104719,130718.49224200
WBTC-USDC,24418958,24428957,206,2.45152177,168514.95819200
WBTC-USDC,24428958,24438957,365,3.29666483,225284.09488300
WBTC-USDC,24438958,24448957,318,2.47640933,168529.34115400
WBTC-USDC,24448958,24458957,309,2.35956195,161373.27261200
WBTC-USDC,24458958,24468957,172,1.54207620,105433.63729900
WBTC-USDC,24468958,24478957,143,1.08824959,74221.15417000
WBTC-USDC,24478958,24488957,157,1.02130705,69707.77019500
WBTC-USDC,24488958,24498957,157,1.54910111,106031.34017400
WBTC-USDC,24498958,24508957,537,7.48225994,513735.56035500
WBTC-USDC,24508958,24518957,403,4.82094909,326266.97843000
WBTC-USDC,24518958,24528957,140,1.27458422,86270.20871700
WBTC-USDC,24528958,24538957,222,1.88868379,128798.17497800
WBTC-USDC,24538958,24548957,181,1.69636597,116215.63623600
WBTC-USDC,24548958,24558957,198,2.10846259,144523.00785500
WBTC-USDC,24558958,24568957,186,1.47998763,100689.12499800
WBTC-USDC,24568958,24578957,268,1.09584634,74508.98344100
WBTC-USDC,24578958,24588957,206,1.45350103,98367.56284300
WBTC-USDC,24588958,24598957,540,5.85863855,394202.09113100
WBTC-USDC,24598958,24608957,616,6.77321659,454970.19299800
WBTC-USDC,24608958,24618957,340,3.37794317,228073.43354900
WBTC-USDC,24618958,24628957,147,1.25780248,84758.05871800
WBTC-USDC,24628958,24638957,198,1.32331106,88702.90318800
WBTC-USDC,24638958,24648957,156,1.11823935,75332.17908800
WBTC-USDC,24648958,24658957,255,1.13325238,76548.93602500
WBTC-USDC,24658958,24668957,264,1.11496338,75647.70791900
WBTC-USDC,24668958,24678957,247,2.38586915,160348.63780000
WBTC-USDC,24678958,24688957,456,5.55967636,373404.48314300
WBTC-USDC,24688958,24698957,257,2.66585825,177996.25338700
WBTC-USDC,24698958,24708957,143,1.53497606,101484.30650500
WBTC-USDC,24708958,24718957,43,0.57790922,38292.04782000
WBTC-USDC,24718958,24728957,105,1.01481248,67503.16999800
WBTC-USDC,24728958,24738957,63,0.59662608,39756.45375100
WBTC-USDC,24738958,24748957,90,0.86318622,57663.09853300
WBTC-USDC,24748958,24758957,98,0.83051652,55374.20523900
WBTC-USDC,24758958,24768957,237,1.55146206,102530.35339700
WBTC-USDC,24768958,24778957,453,4.91669861,325514.52885400
WBTC-USDC,24778958,24788957,240,3.28623520,218873.55692800
WBTC-USDC,24788958,24798957,73,0.96532805,64422.08287400
WBTC-USDC,24798958,24808957,127,0.99951911,66915.45186500
WBTC-USDC,24808958,24818957,95,0.67963704,45567.38575200
WBTC-USDC,24818958,24828957,147,1.50374073,101339.50261800
WBTC-USDC,24828958,24838957,117,1.00217111,67785.99418300
WBTC-USDC,24838958,24848957,213,2.29292232,154572.32222500
WBTC-USDC,24848958,24858957,677,10.10545356,675902.14970300
WBTC-USDC,24858958,24868957,422,6.80940344,457165.43984800
WBTC-USDC,24868958,24878957,263,3.15372290,212608.34794000
WBTC-USDC,24878958,24888957,190,1.46206997,98867.40116700
WBTC-USDC,24888958,24898957,64,0.30688443,20754.49408100
WBTC-USDC,24898958,24908957,69,0.63795432,43029.73164700
WBTC-USDC,24908958,24918957,39,0.22108496,14932.87045600
WBTC-USDC,24918958,24928957,85,0.50284815,34069.73561300
WBTC-USDC,24928958,24938957,103,0.60443410,40972.03052600
WBTC-USDC,24938958,24948957,230,1.87310087,127497.67974900
WBTC-USDC,24948958,24958957,80,0.72033138,49068.61394200
WBTC-USDC,24958958,24968957,102,0.63057017,42920.45018600
WBTC-USDC,24968958,24978957,78,0.97462884,66027.04972500
WBTC-USDC,24978958,24988957,75,0.89854457,60828.90504200
WBTC-USDC,24988958,24998957,39,0.36458592,24682.90561400
WBTC-USDC,24998958,25008957,54,0.24803112,16796.41909800
WBTC-USDC,25008958,25018957,45,0.26006463,17640.38322200
WBTC-USDC,25018958,25028957,129,1.27115012,85693.03777900
WBTC-USDC,25028958,25038957,92,1.36860976,92031.34519100
WBTC-USDC,25038958,25048957,21,0.36397309,24408.17964500
WBTC-USDC,25048958,25058957,71,0.68823918,46306.24454600
WBTC-USDC,25058958,25068957,571,5.88133478,386838.73480100
WBTC-USDC,25068958,25078957,280,2.24819178,145447.91084800
WBTC-USDC,25078958,25088957,304,1.78261665,116458.83942400
WBTC-USDC,25088958,25098957,157,1.30917420,86359.50079900
WBTC-USDC,25098958,25108957,124,1.38734809,91681.93096700
WBTC-USDC,25108958,25118957,289,3.84905389,253370.01364900
WBTC-USDC,25118958,25128957,514,3.24980636,211186.92129500
WBTC-USDC,25128958,25138957,464,2.44453407,157534.99419800
WBTC-USDC,25138958,25148957,217,1.23299527,79921.55234700
WBTC-USDC,25148958,25158957,371,3.62553895,233142.42377600
WBTC-USDC,25158958,25168957,365,4.26321998,270022.10074900
WBTC-USDC,25168958,25178957,191,2.41989924,152941.71808400
WBTC-USDC,25178958,25188957,152,1.09727524,69389.42141700
WBTC-USDC,25188958,25198957,143,1.71183656,107874.93531300
WBTC-USDC,25198958,25208957,737,7.77334630,494510.82234100
WBTC-USDC,25208958,25218957,426,3.31192811,212763.94821700
WBTC-USDC,25218958,25228957,128,1.03503239,66385.76543800
WBTC-USDC,25228958,25238957,72,0.93425186,59784.35172300
WBTC-USDC,25238958,25248957,582,7.83142308,513071.34173700
WBTC-USDC,25248958,25258957,210,1.95710744,127179.95354900
WBTC-USDC,25258958,25268957,179,1.84271564,119667.93095900
WBTC-USDC,25268958,25278957,146,1.60775529,104817.11437000
WBTC-USDC,25278958,25288957,420,4.82902054,319050.10459100
WBTC-USDC,25288958,25298957,534,4.97768163,334841.25713400
WBTC-USDC,25298958,25308957,271,3.05359582,209431.20392500
WBTC-USDC,25308958,25318957,352,4.32679382,296582.55151700
WBTC-USDC,25318958,25328957,305,3.89764428,264321.79102900
WBTC-USDC,25328958,25338957,198,2.11553339,143741.35617400
WBTC-USDC,25338958,25348957,137,1.45069092,98668.26435500
WBTC-USDC,25348958,25358957,150,1.61159092,109428.68863100
WBTC-USDC,25358958,25368957,90,1.08608558,73747.66551100
WBTC-USDC,25368958,25378957,580,9.38895040,631372.12146200
WBTC-USDC,25378958,25388957,406,5.02250640,335101.10938300
WBTC-USDC,25388958,25398957,238,2.08260821,140125.35319800
WBTC-USDC,25398958,25408957,94,1.07670219,72402.47810100
WBTC-USDC,25408958,25418957,196,1.67733458,112298.64216600
WBTC-USDC,25418958,25428957,185,1.47362698,99478.00309500
WBTC-USDC,25428958,25438957,149,1.14400282,77188.34767200
WBTC-USDC,25438958,25448957,311,3.15485857,210956.42356100
WBTC-USDC,25448958,25458957,316,3.46556364,228130.46967800
WBTC-USDC,25458958,25468957,350,5.14513963,338565.96579600
WBTC-USDC,25468958,25478957,176,2.22946689,145425.50236100
WBTC-USDC,25478958,25488957,160,1.49087566,97202.81008800
WBTC-USDC,25488958,25498957,169,1.12524776,73676.89397100
WBTC-USDC,25498958,25508957,76,0.46786293,30715.04709700
WBTC-USDC,25508958,25518957,333,3.57129016,230181.60541600
WBTC-USDC,25518958,25528957,400,3.90841908,248475.53156100
WBTC-USDC,25528958,25538957,109,1.17136672,74802.27598300
WBTC-USDC,25538958,25548957,323,4.27861768,276225.45915300
WBTC-USDC,25548958,25558957,155,1.99111647,129058.70485600
WBTC-USDC,25558958,25568957,380,3.49574698,230873.20920700
WBTC-USDC,25568958,25578957,351,4.15773144,277794.30842300
WBTC-USDC,25578958,25588957,432,4.89555759,327730.55344400
WBTC-USDC,25588958,25598957,157,1.88869187,127207.45495000
WBTC-USDC,25598958,25608957,146,1.33639098,89319.84235100
WBTC-USDC,25608958,25618957,238,2.74619972,182577.55036600
WBTC-USDC,25618958,25628957,196,1.11793324,73982.94664100
WBTC-USDC,25628958,25638957,356,4.17044168,278330.21227500
WBTC-USDC,25638958,25648957,341,4.37785231,289001.64545800
WBTC-USDC,25648958,25658957,280,2.17448222,142343.95257600
WBTC-USDC,25658958,25668957,449,5.36470412,351716.59776200
WBTC-USDC,25668958,25678957,428,4.35839352,288730.18159600
WBTC-USDC,25678958,25688957,230,2.03466275,135403.21704000
WBTC-USDC,25688958,25698957,361,2.72036455,178844.09584200
WBTC-USDC,25698958,25708957,245,2.51336348,166008.66535800
WBTC-USDC,25708958,25718957,240,2.41351942,158385.82326100
WBTC-USDC,25718958,25728957,974,10.08699235,686060.69820600
WBTC-USDC,25728958,25738957,327,4.52672659,311214.57088100
WBTC-USDC,25738958,25748957,231,2.96498597,204083.83208900
WBTC-USDC,25748958,25758957,230,3.38388479,232530.71901200
WBTC-USDC,25758958,25768957,220,2.34275991,160013.16650000
WBTC-USDC,25768958,25778957,226,2.71568560,184259.07856800
WBTC-USDC,25778958,25788957,304,3.54470051,237955.58665400
WBTC-USDC,25788958,25798957,227,3.61471184,241870.59586900
WBTC-USDC,25798958,25808957,561,10.11033628,673926.02655500
WBTC-USDC,25808958,25818957,774,11.36916252,769930.56098500
WBTC-USDC,25818958,25828957,338,4.69096232,319096.74782700
WBTC-USDC,25828958,25838957,238,2.35031753,159758.92062600
WBTC-USDC,25838958,25848957,262,3.54385136,240924.73419800
WBTC-USDC,25848958,25858957,374,4.27895291,289017.21463600
WBTC-USDC,25858958,25868957,267,2.68992187,183776.85813900
WBTC-USDC,25868958,25878957,497,4.35434143,306639.26504300
WBTC-USDC,25878958,25888957,192,2.53251989,179121.62979400
WBTC-USDC,25888958,25898957,493,5.07743941,364680.37581200
WBTC-USDC,25898958,25908957,231,2.23125102,162521.41670000
WBTC-USDC,25908958,25918957,214,2.58736267,188809.75131600
WBTC-USDC,25918958,25928957,197,3.38381231,244991.25856000
WBTC-USDC,25928958,25938957,246,3.04895552,220670.04723900
WBTC-USDC,25938958,25948957,232,2.99799957,216517.15824600
WBTC-USDC,25948958,25958957,212,2.87666301,206717.63552400
WBTC-USDC,25958958,25968957,268,2.88527673,209296.38223400
WBTC-USDC,25968958,25978957,383,4.72727155,341480.44721800
WBTC-USDC,25978958,25988957,550,7.95504188,567641.29528400
WBTC-USDC,25988958,25998957,233,3.56376390,251954.44131700
WBTC-USDC,25998958,26008957,145,1.93365762,137144.97054900
WBTC-USDC,26008958,26018957,162,1.82471208,128825.27293700
WBTC-USDC,26018958,26028957,145,1.45380205,102971.84079200
WBTC-USDC,26028958,26038957,186,2.43310087,170862.64080200
WBTC-USDC,26038958,26048957,200,1.64706000,116017.44246600
WBTC-USDC,26048958,26058957,215,1.77466346,124028.40066800
WBTC-USDC,26058958,26068957,552,7.96794496,548672.52693100
WBTC-USDC,26068958,26078957,235,3.79740062,258907.71399500
WBTC-USDC,26078958,26088957,134,1.44225582,98009.07509100
WBTC-USDC,26088958,26098957,118,0.61891504,42038.56166700
WBTC-USDC,26098958,26108957,53,0.51782586,35199.94084800
WBTC-USDC,26108958,26118957,80,0.68035507,46213.40268200
WBTC-USDC,26118958,26128957,80,0.65695501,44395.93937800
WBTC-USDC,26128958,26138957,45,0.42949631,29081.05439800
WBTC-USDC,26138958,26148957,64,0.61077279,41414.13623000
WBTC-USDC,26148958,26158957,69,0.74069645,50102.85907500
WBTC-USDC,26158958,26168957,82,0.68990137,46483.51421800
WBTC-USDC,26168958,26178957,137,0.68507579,45960.48261800
WBTC-USDC,26178958,26188957,47,0.59461046,39897.10753500
WBTC-USDC,26188958,26198957,88,0.98861040,66239.22496000
WBTC-USDC,26198958,26208957,56,0.82920673,55389.53060700
WBTC-USDC,26208958,26218957,98,0.75792774,50971.73898800
WBTC-USDC,26218958,26228957,226,3.17446465,214262.46307800
WBTC-USDC,26228958,26238957,247,2.75195068,184136.32426400
WBTC-USDC,26238958,26248957,137,1.14029508,76241.86635700
WBTC-USDC,26248958,26258957,154,1.83444143,122669.42467600
WBTC-USDC,26258958,26268957,420,3.99352528,264334.58074800
WBTC-USDC,26268958,26278957,335,4.47584476,296020.30620900
WBTC-USDC,26278958,26288957,318,3.74254568,250077.94899700
WBTC-USDC,26288958,26298957,276,3.17538943,213471.42906000
WBTC-USDC,26298958,26308957,332,2.94628929,199145.29202700
WBTC-USDC,26308958,26318957,252,2.38775994,161510.64073900
WBTC-USDC,26318958,26328957,315,4.84948755,332876.93269300
WBTC-USDC,26328958,26338957,232,3.25347944,222767.36997900
WBTC-USDC,26338958,26348957,257,3.09755099,212678.67617700
WBTC-USDC,26348958,26358957,182,1.15183831,78938.72473700
WBTC-USDC,26358958,26368957,178,2.20474775,152310.80032200
WBTC-USDC,26368958,26378957,145,1.65771455,115309.43514900
WBTC-USDC,26378958,26388957,126,1.53045126,106956.75338500
WBTC-USDC,26388958,26398957,242,1.34444396,94788.16605900
WBTC-USDC,26398958,26408957,203,3.18940793,222862.36471600
WBTC-USDC,26408958,26418957,370,4.51045233,317899.00592200
WBTC-USDC,26418958,26428957,372,6.28805415,440619.41994600
WBTC-USDC,26428958,26438957,197,2.10592191,146504.33242100
WBTC-USDC,26438958,26448957,175,1.67211287,116324.12898100
WBTC-USDC,26448958,26458957,193,2.12273583,147575.08975200
WBTC-USDC,26458958,26468957,301,4.29722092,298690.02628000
WBTC-USDC,26468958,26478957,151,1.45659440,101094.69418600
WBTC-USDC,26478958,26488957,166,1.67889095,116154.23399000
WBTC-USDC,26488958,26498957,692,12.93835700,904433.36976300
WBTC-USDC,26498958,26508957,429,7.35730312,515451.44749200
WBTC-USDC,26508958,26518957,202,1.79886629,126431.80633600
WBTC-USDC,26518958,26528957,195,1.68664708,118512.68260600
WBTC-USDC,26528958,26538957,136,1.55031986,108302.08471900
WBTC-USDC,26538958,26548957,137,1.45288816,100586.42420300
WBTC-USDC,26548958,26558957,110,1.24400806,86123.41503300
WBTC-USDC,26558958,26568957,205,1.96004775,136504.06229600
WBTC-USDC,26568958,26578957,211,1.67123532,117126.69183000
WBTC-USDC,26578958,26588957,548,7.59355108,529712.71273100
WBTC-USDC,26588958,26598957,303,2.87707000,201161.76939900
WBTC-USDC,26598958,26608957,290,2.05271562,143530.32344900
WBTC-USDC,26608958,26618957,445,2.70944484,190792.23121200
WBTC-USDC,26618958,26628957,260,2.08076762,148164.86357500
WBTC-USDC,26628958,26638957,163,1.36691323,97095.13819900
WBTC-USDC,26638958,26648957,225,1.47684423,105295.32374000
WBTC-USDC,26648958,26658957,173,1.12919941,81034.19684600
WBTC-USDC,26658958,26668957,243,1.94771168,141466.98997200
WBTC-USDC,26668958,26678957,456,4.80664212,345878.88758300
WBTC-USDC,26678958,26688957,285,3.00877266,213599.17857800
WBTC-USDC,26688958,26698957,131,1.48239480,104992.84192800
WBTC-USDC,26698958,26708957,156,0.89247502,62946.00034400
WBTC-USDC,26708958,26718957,88,1.11421931,78626.64370800
WBTC-USDC,26718958,26728957,97,1.01813733,71806.62541800
WBTC-USDC,26728958,26738957,80,0.84862432,59674.93061500
WBTC-USDC,26738958,26748957,87,0.53001547,37264.66480800
WBTC-USDC,26748958,26758957,132,0.55735033,39277.39182100
WBTC-USDC,26758958,26768957,110,0.28480541,20024.52390100
WBTC-USDC,26768958,26778957,81,0.13870919,9771.20599400
WBTC-USDC,26778958,26788957,136,0.45079487,31830.94978400
WBTC-USDC,26788958,26798957,91,0.89459282,63344.04814700
WBTC-USDC,26798958,26808957,51,0.61205271,43515.30248600
WBTC-USDC,26808958,26818957,78,0.43281726,30835.11496000
WBTC-USDC,26818958,26828957,95,0.38157987,27240.60032700
WBTC-USDC,26828958,26838957,147,0.78794645,56145.16735300
WBTC-USDC,26838958,26848957,134,0.68393814,48673.57157500
WBTC-USDC,26848958,26858957,138,0.75443487,53788.17017000
WBTC-USDC,26858958,26868957,205,1.15470025,82512.08385300
WBTC-USDC,26868958,26878957,307,3.15525975,228069.69212200
WBTC-USDC,26878958,26888957,139,1.23220538,89043.31319500
WBTC-USDC,26888958,26898957,273,2.92062498,214385.40879100
WBTC-USDC,26898958,26908957,202,1.89130906,138416.44810700
WBTC-USDC,26908958,26918957,168,0.89149517,65171.42237600
WBTC-USDC,26918958,26928957,291,2.93272928,215832.40703200
WBTC-USDC,26928958,26938957,338,3.19629617,233917.32602000
WBTC-USDC,26938958,26948957,205,1.69444536,124780.69894000
WBTC-USDC,26948958,26958957,212,1.66754495,123478.72784200
WBTC-USDC,26958958,26968957,196,2.23197141,166625.51163700
WBTC-USDC,26968958,26978957,162,1.89441772,141235.60685200
WBTC-USDC,26978958,26988957,118,1.85115723,136691.45540500
WBTC-USDC,26988958,26998957,165,1.50353584,111111.30254500
WBTC-USDC,26998958,27008957,187,2.02420257,148824.92165100
WBTC-USDC,27008958,27018957,361,4.16086596,306134.17463100
WBTC-USDC,27018958,27028957,206,2.08196448,153627.90633600
WBTC-USDC,27028958,27038957,120,1.15421945,85699.69121000
WBTC-USDC,27038958,27048957,255,1.18085630,87409.22267200
WBTC-USDC,27048958,27058957,119,0.99487759,73263.08448900
WBTC-USDC,27058958,27068957,91,0.71350940,52796.35567100
WBTC-USDC,27068958,27078957,57,0.77879940,57326.97303400
WBTC-USDC,27078958,27088957,63,0.47752312,35205.37429700
WBTC-USDC,27088958,27098957,423,5.50680051,399305.56596800
WBTC-USDC,27098958,27108957,513,5.02103159,359435.86388200
WBTC-USDC,27108958,27118957,273,3.38551861,241730.78771800
WBTC-USDC,27118958,27128957,222,1.49762624,106277.25675300
WBTC-USDC,27128958,27138957,113,0.53584034,38103.87668800
WBTC-USDC,27138958,27148957,117,0.88214587,62826.40199400
WBTC-USDC,27148958,27158957,121,0.64284430,45540.04285500
WBTC-USDC,27158958,27168957,339,1.87591782,131607.53844400
WBTC-USDC,27168958,27178957,110,0.76501072,53858.34495500
WBTC-USDC,27178958,27188957,350,2.81254570,195958.16786200
WBTC-USDC,27188958,27198957,354,2.91218548,202459.45801100
WBTC-USDC,27198958,27208957,218,2.21104174,155153.90055500
WBTC-USDC,27208958,27218957,143,0.89194051,62831.63936000
WBTC-USDC,27218958,27228957,96,1.09706412,77017.73495400
WBTC-USDC,27228958,27238957,292,1.50887256,106466.26964500
WBTC-USDC,27238958,27248957,303,1.68107963,118608.74163200
WBTC-USDC,27248958,27258957,361,1.93461873,136891.80147000
WBTC-USDC,27258958,27268957,361,2.11248121,148954.81583700
WBTC-USDC,27268958,27278957,516,4.54814152,318688.58021000
WBTC-USDC,27278958,27288957,193,2.01528090,140871.67199600
WBTC-USDC,27288958,27298957,316,2.63861165,184718.40967100
WBTC-USDC,27298958,27308957,316,1.46835375,103690.56749100
WBTC-USDC,27308958,27318957,224,0.84458866,59637.96212000
WBTC-USDC,27318958,27328957,111,0.38501679,27224.21494100
WBTC-USDC,27328958,27338957,94,0.30083428,21261.50101400
WBTC-USDC,27338958,27348957,150,0.47645652,33638.65597100
WBTC-USDC,27348958,27358957,35,0.07563362,5343.42799500
WBTC-USDC,27358958,27368957,247,1.21609235,85906.30340100
WBTC-USDC,27368958,27378957,53,0.38001091,26728.61730500
WBTC-USDC,27378958,27388957,21,0.19723701,13880.36690800
WBTC-USDC,27388958,27398957,448,2.99175052,206808.31118200
WBTC-USDC,27398958,27408957,137,1.08635349,75224.03680300
WBTC-USDC,27408958,27418957,28,0.25901051,17970.86155300
WBTC-USDC,27418958,27428957,111,0.97754284,67360.33081100
WBTC-USDC,27428958,27438957,156,0.62210654,42707.52581400
WBTC-USDC,27438958,27448957,109,1.34984902,92850.38202800
WBTC-USDC,27448958,27458957,70,0.84192535,58047.77608600
WBTC-USDC,27458958,27468957,130,0.92122383,63168.05834800
WBTC-USDC,27468958,27478957,316,3.86555704,262886.02382500
WBTC-USDC,27478958,27488957,214,3.37523550,229407.25128900
WBTC-USDC,27488958,27498957,156,1.24808460,85241.65028000
WBTC-USDC,27498958,27508957,401,3.19478655,218218.94749600
WBTC-USDC,27508958,27518957,424,3.39085690,231967.25056000
WBTC-USDC,27518958,27522192,347,4.23356824,296847.76520600
USDC-ETH,23693484,23703483,1790,1175464.82411100,562.97928671
USDC-ETH,23703484,23713483,2778,2333072.00253700,1150.82171852
USDC-ETH,23713484,23723483,1610,1066053.16626300,528.94235709
USDC-ETH,23723484,23733483,2159,1538510.88081500,753.02813356
USDC-ETH,23733484,23743483,4017,8553737.42711300,4161.95826023
USDC-ETH,23743484,23753483,1115,592238.57801500,284.13179511
USDC-ETH,23753484,23763483,550,330662.89594100,157.90772409
USDC-ETH,23763484,23773483,707,415210.12781200,199.24933501
USDC-ETH,23773484,23783483,902,437869.47264300,210.06189134
USDC-ETH,23783484,23793483,718,329699.96523400,158.59831639
USDC-ETH,23793484,23803483,1268,577149.04653300,275.19613886
USDC-ETH,23803484,23813483,1192,434171.25946100,205.19315327
USDC-ETH,23813484,23823483,863,464912.00321400,219.66695643
USDC-ETH,23823484,23833483,1116,546032.73581000,260.53103451
USDC-ETH,23833484,23843483,638,261242.86454700,123.69626696
USDC-ETH,23843484,23853483,1527,1023601.66985400,487.12219648
USDC-ETH,23853484,23863483,1484,868483.25386200,418.05474609
USDC-ETH,23863484,23873483,857,407277.78888800,194.83123987
USDC-ETH,23873484,23883483,1080,553473.61417700,267.69912036
USDC-ETH,23883484,23893483,1048,545863.85010300,268.32437692
USDC-ETH,23893484,23903483,1067,487215.83988900,239.86901004
USDC-ETH,23903484,23913483,2845,1766319.56419100,860.65849981
USDC-ETH,23913484,23923483,1821,1049704.38817300,496.40811251
USDC-ETH,23923484,23933483,1384,760081.99949500,358.95859038
USDC-ETH,23933484,23943483,938,491346.53511300,233.17444793
USDC-ETH,23943484,23953483,1114,676163.08849900,323.15936926
USDC-ETH,23953484,23963483,1077,577888.81747800,282.43040532
USDC-ETH,23963484,23973483,1033,520771.38567900,259.04756941
USDC-ETH,23973484,23983483,810,297913.45300700,148.06118963
USDC-ETH,23983484,23993483,1675,957668.90987500,475.70606912
USDC-ETH,23993484,24003483,1889,918477.64067100,453.47600085
USDC-ETH,24003484,24013483,1335,633721.50864700,314.81878191
USDC-ETH,24013484,24023483,783,333131.90357100,165.74497014
USDC-ETH,24023484,24033483,637,221904.26065800,109.71875286
USDC-ETH,24033484,24043483,1294,627309.56245000,314.55431533
USDC-ETH,24043484,24053483,1323,607760.86878000,310.70893407
USDC-ETH,24053484,24063483,1058,405045.59163600,208.24886805
USDC-ETH,24063484,24073483,1012,386912.61253200,198.47256136
USDC-ETH,24073484,24083483,3658,2221906.27817900,1138.24972721
USDC-ETH,24083484,24093483,1881,921910.18715200,477.15608210
USDC-ETH,24093484,24103483,1291,763799.64061500,390.31986598
USDC-ETH,24103484,24113483,799,493156.11308100,252.42265624
USDC-ETH,24113484,24123483,841,428675.36551500,218.20661907
USDC-ETH,24123484,24133483,725,344650.75580800,175.32350845
USDC-ETH,24133484,24143483,611,290523.24936200,147.38666634
USDC-ETH,24143484,24153483,726,412566.52524300,207.91898947
USDC-ETH,24153484,24163483,747,378738.59386100,190.79286217
USDC-ETH,24163484,24173483,2441,1499901.11180900,770.47486821
USDC-ETH,24173484,24183483,1536,687845.28810700,358.50221189
USDC-ETH,24183484,24193483,815,298685.37573600,155.38023031
USDC-ETH,24193484,24203483,842,348493.57125500,179.45043216
USDC-ETH,24203484,24213483,681,235777.79646700,121.03905156
USDC-ETH,24213484,24223483,651,237367.43955000,122.30816002
USDC-ETH,24223484,24233483,763,299184.18172600,153.38881496
USDC-ETH,24233484,24243483,681,302215.81916700,154.34275608
USDC-ETH,24243484,24253483,2044,1434196.68456300,721.45452910
USDC-ETH,24253484,24263483,1880,745995.95857200,365.08994671
USDC-ETH,24263484,24273483,853,332435.56304500,162.06871650
USDC-ETH,24273484,24283483,475,167201.72747700,81.54319042
USDC-ETH,24283484,24293483,505,162243.04685200,79.18079882
USDC-ETH,24293484,24303483,279,67640.07542000,32.97111788
USDC-ETH,24303484,24313483,373,101650.16792900,49.49172242
USDC-ETH,24313484,24323483,891,293451.18868500,141.40493116
USDC-ETH,24323484,24333483,1262,500864.69040900,240.04525816
USDC-ETH,24333484,24343483,687,295747.94517500,142.27971015
USDC-ETH,24343484,24353483,554,179649.71475100,86.41807515
USDC-ETH,24353484,24363483,575,240620.62632000,115.36884489
USDC-ETH,24363484,24373483,493,196081.46324300,94.04117795
USDC-ETH,24373484,24383483,902,439923.00220400,213.44301105
USDC-ETH,24383484,24393483,1149,769039.53475700,372.64481819
USDC-ETH,24393484,24403483,1033,450602.59598500,216.53222477
USDC-ETH,24403484,24413483,613,233454.30346500,113.15765943
USDC-ETH,24413484,24423483,1636,1033280.17909700,511.99755736
USDC-ETH,24423484,24433483,927,436724.78648600,217.91660780
USDC-ETH,24433484,24443483,1955,1179800.71733600,602.41055227
USDC-ETH,24443484,24453483,986,480283.25091800,245.31975589
USDC-ETH,24453484,24463483,1324,608386.98818500,309.86734038
USDC-ETH,24463484,24473483,777,296948.56558500,151.58675972
USDC-ETH,24473484,24483483,645,210208.41794900,107.08518766
USDC-ETH,24483484,24493483,836,331241.75758900,167.41060892
USDC-ETH,24493484,24503483,1134,583860.54438200,294.79434100
USDC-ETH,24503484,24513483,2455,1504595.45324600,761.94744912
USDC-ETH,24513484,24523483,1422,656271.90912300,333.64522701
USDC-ETH,24523484,24533483,866,332661.26697200,168.24374802
USDC-ETH,24533484,24543483,806,399878.36386000,200.67121761
USDC-ETH,24543484,24553483,962,450109.60209300,225.38241031
USDC-ETH,24553484,24563483,783,315980.10290200,159.01949243
USDC-ETH,24563484,24573483,706,250891.43839300,126.83663525
USDC-ETH,24573484,24583483,698,250730.76836500,127.12552381
USDC-ETH,24583484,24593483,885,348433.14638100,176.45601447
USDC-ETH,24593484,24603483,2610,1535323.25509600,779.02967424
USDC-ETH,24603484,24613483,1972,1121978.44996100,566.22399674
USDC-ETH,24613484,24623483,1048,501131.86523400,250.98435709
USDC-ETH,24623484,24633483,576,288085.56553400,144.56751830
USDC-ETH,24633484,24643483,689,283182.17104100,142.95720853
USDC-ETH,24643484,24653483,580,298270.78781400,149.31601737
USDC-ETH,24653484,24663483,985,410406.11861000,203.51557220
USDC-ETH,24663484,24673483,594,299477.38370400,149.92800984
USDC-ETH,24673484,24683483,840,558848.05908400,283.02959271
USDC-ETH,24683484,24693483,1473,1036628.97601200,523.30331683
USDC-ETH,24693484,24703483,1131,805686.44777400,412.55303333
USDC-ETH,24703484,24713483,559,248027.51052200,127.51111686
USDC-ETH,24713484,24723483,618,329806.07393500,168.37690574
USDC-ETH,24723484,24733483,547,268775.55204400,136.44831392
USDC-ETH,24733484,24743483,533,250139.37989300,126.66029517
USDC-ETH,24743484,24753483,724,335243.96358100,170.09491473
USDC-ETH,24753484,24763483,636,279532.12314900,142.98334276
USDC-ETH,24763484,24773483,1731,942101.23237100,488.36313742
USDC-ETH,24773484,24783483,1537,748468.25861600,388.50948157
USDC-ETH,24783484,24793483,876,429622.29835800,221.38289827
USDC-ETH,24793484,24803483,519,219443.28389400,112.81159952
USDC-ETH,24803484,24813483,597,241722.53415400,123.59189350
USDC-ETH,24813484,24823483,786,382531.43873100,196.40931293
USDC-ETH,24823484,24833483,744,253051.54167900,129.16406810
USDC-ETH,24833484,24843483,866,312738.60112600,159.20220657
USDC-ETH,24843484,24853483,1044,434759.48226900,223.94748099
USDC-ETH,24853484,24863483,2284,1587829.00199100,812.12341785
USDC-ETH,24863484,24873483,1434,920075.17525300,468.68506500
USDC-ETH,24873484,24883483,745,292284.97121000,148.57189236
USDC-ETH,24883484,24893483,495,175688.30546800,89.29206690
USDC-ETH,24893484,24903483,290,94048.39403100,47.88173658
USDC-ETH,24903484,24913483,266,74232.21149100,37.85498978
USDC-ETH,24913484,24923483,349,114192.12530500,58.03147333
USDC-ETH,24923484,24933483,509,163651.80769400,82.74914552
USDC-ETH,24933484,24943483,711,317747.18825800,160.09945133
USDC-ETH,24943484,24953483,673,314127.24200100,158.21734190
USDC-ETH,24953484,24963483,326,123575.46254600,62.08975237
USDC-ETH,24963484,24973483,500,227767.32672600,115.24505621
USDC-ETH,24973484,24983483,348,128297.43421800,64.96867906
USDC-ETH,24983484,24993483,322,114529.08178600,58.05410866
USDC-ETH,24993484,25003483,265,61178.46887800,30.97741068
USDC-ETH,25003484,25013483,376,58629.62793300,29.69916643
USDC-ETH,25013484,25023483,481,181579.85969200,92.09998812
USDC-ETH,25023484,25033483,640,296488.33557700,151.89766556
USDC-ETH,25033484,25043483,419,177087.61239200,91.14440491
USDC-ETH,25043484,25053483,307,108831.76387700,56.03120018
USDC-ETH,25053484,25063483,509,246814.44087600,126.32103733
USDC-ETH,25063484,25073483,1616,810122.01330200,429.15873322
USDC-ETH,25073484,25083483,397,127565.43224800,68.39729935
USDC-ETH,25083484,25093483,560,203163.95456700,108.02335172
USDC-ETH,25093484,25103483,925,433590.45701700,227.00177694
USDC-ETH,25103484,25113483,803,504355.91759200,262.39177662
USDC-ETH,25113484,25123483,1569,831788.04508300,437.03501009
USDC-ETH,25123484,25133483,999,488007.86083200,261.86879519
USDC-ETH,25133484,25143483,403,226129.23050500,121.47255624
USDC-ETH,25143484,25153483,690,293258.02134300,158.34222609
USDC-ETH,25153484,25163483,848,437658.30840300,237.36466398
USDC-ETH,25163484,25173483,836,286415.34117100,156.59608703
USDC-ETH,25173484,25183483,687,197697.33333100,108.14988478
USDC-ETH,25183484,25193483,472,178095.13975700,97.44333208
USDC-ETH,25193484,25203483,1229,550819.00528800,301.56868855
USDC-ETH,25203484,25213483,1334,674191.63403700,363.60564061
USDC-ETH,25213484,25223483,745,300027.90733300,161.72579811
USDC-ETH,25223484,25233483,584,260859.43590700,140.55669847
USDC-ETH,25233484,25243483,1519,1166453.82879400,612.76374632
USDC-ETH,25243484,25253483,834,400791.36083200,209.51668731
USDC-ETH,25253484,25263483,769,368350.25593300,194.86580387
USDC-ETH,25263484,25273483,719,365011.30011000,191.13397375
USDC-ETH,25273484,25283483,930,526108.56249800,271.27507150
USDC-ETH,25283484,25293483,1959,1075771.44478600,541.03248405
USDC-ETH,25293484,25303483,1648,514050.96548100,249.96380439
USDC-ETH,25303484,25313483,1174,600425.69828200,287.80914477
USDC-ETH,25313484,25323483,1359,782672.22979600,377.66938148
USDC-ETH,25323484,25333483,1014,507505.61959100,247.08422003
USDC-ETH,25333484,25343483,975,476967.38536100,230.86854719
USDC-ETH,25343484,25353483,916,383103.50655500,186.17084911
USDC-ETH,25353484,25363483,776,341533.27366400,165.15283320
USDC-ETH,25363484,25373483,778,401408.64801300,194.45545110
USDC-ETH,25373484,25383483,2840,2221000.31377200,1096.91727613
USDC-ETH,25383484,25393483,1337,961272.54824600,479.95568165
USDC-ETH,25393484,25403483,688,293861.83152800,144.86980448
USDC-ETH,25403484,25413483,971,542949.92547300,269.02470212
USDC-ETH,25413484,25423483,948,458874.04056300,225.80268739
USDC-ETH,25423484,25433483,825,282581.68405800,138.40680418
USDC-ETH,25433484,25443483,1111,578815.90010500,285.38708319
USDC-ETH,25443484,25453483,1529,902675.33274400,455.91830219
USDC-ETH,25453484,25463483,1883,1409187.81199100,721.45504840
USDC-ETH,25463484,25473483,1553,965563.74417000,499.74821743
USDC-ETH,25473484,25483483,787,409027.69892900,212.78085058
USDC-ETH,25483484,25493483,947,590684.21756500,308.24909506
USDC-ETH,25493484,25503483,607,257631.27058100,133.53020129
USDC-ETH,25503484,25513483,469,187831.27144100,97.56459005
USDC-ETH,25513484,25523483,1925,967741.85534400,515.54252424
USDC-ETH,25523484,25533483,837,421025.97583400,226.64174520
USDC-ETH,25533484,25543483,580,288150.80795100,154.01846871
USDC-ETH,25543484,25553483,1655,1170035.29614600,616.74378054
USDC-ETH,25553484,25563483,1107,741301.87879500,387.13704001
USDC-ETH,25563484,25573483,1677,1091000.42462100,558.44119326
USDC-ETH,25573484,25583483,989,566718.27098100,287.99085593
USDC-ETH,25583484,25593483,1967,1434999.80644000,712.94481987
USDC-ETH,25593484,25603483,1005,578547.63042500,287.51416322
USDC-ETH,25603484,25613483,1029,570843.69256800,286.17282584
USDC-ETH,25613484,25623483,936,512419.87433600,258.33456506
USDC-ETH,25623484,25633483,1517,997430.60555400,498.50353492
USDC-ETH,25633484,25643483,1638,1059859.47091000,533.57104860
USDC-ETH,25643484,25653483,1393,933036.20805800,474.82331331
USDC-ETH,25653484,25663483,1935,1287379.40355000,667.28173039
USDC-ETH,25663484,25673483,1567,978640.96785500,500.73041263
USDC-ETH,25673484,25683483,1387,823168.49503100,419.25776131
USDC-ETH,25683484,25693483,1203,621240.98919500,318.15023103
USDC-ETH,25693484,25703483,1558,820899.12133600,422.20313713
USDC-ETH,25703484,25713483,896,478953.78501300,246.30895105
USDC-ETH,25713484,25723483,2695,1918282.83771100,968.41678343
USDC-ETH,25723484,25733483,2047,1404714.37192300,684.59660579
USDC-ETH,25733484,25743483,1128,834472.52788200,409.95065135
USDC-ETH,25743484,25753483,723,474974.64546000,232.60742577
USDC-ETH,25753484,25763483,1076,732154.70158600,362.15850482
USDC-ETH,25763484,25773483,985,494570.63282200,246.38215247
USDC-ETH,25773484,25783483,1147,551302.84489100,276.47622380
USDC-ETH,25783484,25793483,1673,868581.05649700,443.65008678
USDC-ETH,25793484,25803483,1357,700787.52403800,357.18313976
USDC-ETH,25803484,25813483,3722,2645390.71005400,1347.93863375
USDC-ETH,25813484,25823483,1978,1502216.30202100,760.78735787
USDC-ETH,25823484,25833483,1109,689812.01317400,348.79560077
USDC-ETH,25833484,25843483,778,603584.31833000,304.73871460
USDC-ETH,25843484,25853483,1200,825863.28809300,418.76231147
USDC-ETH,25853484,25863483,792,448076.06697500,228.28719023
USDC-ETH,25863484,25873483,1532,944950.35962800,466.71449772
USDC-ETH,25873484,25883483,1187,772725.29045500,373.14658301
USDC-ETH,25883484,25893483,1586,1068744.91993900,516.33978407
USDC-ETH,25893484,25903483,2050,1515334.39525200,712.62866006
USDC-ETH,25903484,25913483,1037,650544.33987100,300.74695885
USDC-ETH,25913484,25923483,718,460146.12571500,214.03831417
USDC-ETH,25923484,25933483,900,625331.01292400,294.29393500
USDC-ETH,25933484,25943483,719,481214.91317700,226.66008026
USDC-ETH,25943484,25953483,612,405587.46357700,191.08568921
USDC-ETH,25953484,25963483,1068,632003.02871000,299.13360415
USDC-ETH,25963484,25973483,930,523119.02204500,244.54636582
USDC-ETH,25973484,25983483,1848,1480285.08778700,704.24721840
USDC-ETH,25983484,25993483,1210,901501.49452100,435.53922124
USDC-ETH,25993484,26003483,774,494024.92478300,237.15882693
USDC-ETH,26003484,26013483,502,246084.12855700,118.33459471
USDC-ETH,26013484,26023483,777,395879.43316900,190.55597541
USDC-ETH,26023484,26033483,781,368720.98051300,177.91489632
USDC-ETH,26033484,26043483,731,249571.31138700,120.32342165
USDC-ETH,26043484,26053483,773,376856.94529000,182.91196871
USDC-ETH,26053484,26063483,1471,1004831.46729100,492.78046061
USDC-ETH,26063484,26073483,2517,1736282.12456400,873.95677740
USDC-ETH,26073484,26083483,1303,705385.03925100,357.07029551
USDC-ETH,26083484,26093483,674,405102.81500100,204.84122457
USDC-ETH,26093484,26103483,471,152413.97007700,76.87805443
USDC-ETH,26103484,26113483,511,295888.04873500,149.31243544
USDC-ETH,26113484,26123483,514,145267.83595600,73.57402568
USDC-ETH,26123484,26133483,600,248124.48633900,125.37219448
USDC-ETH,26133484,26143483,409,123477.94868900,62.10612726
USDC-ETH,26143484,26153483,546,228596.92775200,115.36092382
USDC-ETH,26153484,26163483,435,170779.38692500,86.24494365
USDC-ETH,26163484,26173483,665,305475.52361400,155.57909933
USDC-ETH,26173484,26183483,539,171074.04685200,86.97347970
USDC-ETH,26183484,26193483,392,149239.78284600,75.75911525
USDC-ETH,26193484,26203483,688,357652.67260000,183.54601938
USDC-ETH,26203484,26213483,492,167127.13484600,85.67063441
USDC-ETH,26213484,26223483,571,236072.27554300,120.09121446
USDC-ETH,26223484,26233483,949,583539.49388800,299.61198443
USDC-ETH,26233484,26243483,870,443918.68635800,228.72054886
USDC-ETH,26243484,26253483,622,286994.93342700,148.18181092
USDC-ETH,26253484,26263483,1013,643649.97991800,329.08160662
USDC-ETH,26263484,26273483,1689,1216020.75237200,627.34316339
USDC-ETH,26273484,26283483,1743,1263877.59703000,644.48477296
USDC-ETH,26283484,26293483,1266,870667.06990100,437.10114438
USDC-ETH,26293484,26303483,1074,671830.43529300,338.10718485
USDC-ETH,26303484,26313483,1186,665088.58550300,332.34479461
USDC-ETH,26313484,26323483,1774,1330494.09431400,660.58961855
USDC-ETH,26323484,26333483,993,805704.99309400,398.00363365
USDC-ETH,26333484,26343483,1010,736947.73461600,364.10641275
USDC-ETH,26343484,26353483,647,350581.61401600,173.18774524
USDC-ETH,26353484,26363483,746,506034.30039400,252.25485100
USDC-ETH,26363484,26373483,1082,602483.74510200,296.44301637
USDC-ETH,26373484,26383483,645,228250.67186700,111.69003138
USDC-ETH,26383484,26393483,956,358241.14154800,174.09503717
USDC-ETH,26393484,26403483,785,261494.02105000,126.96706703
USDC-ETH,26403484,26413483,1745,1180700.01244700,577.34711605
USDC-ETH,26413484,26423483,1316,786394.96945100,379.29621275
USDC-ETH,26423484,26433483,1254,813193.66507200,398.14669904
USDC-ETH,26433484,26443483,687,328172.45501300,161.65339631
USDC-ETH,26443484,26453483,683,292192.77135700,143.60793731
USDC-ETH,26453484,26463483,670,252780.24237400,124.74208226
USDC-ETH,26463484,26473483,713,284246.16675500,140.82853589
USDC-ETH,26473484,26483483,958,364688.32883700,180.53514957
USDC-ETH,26483484,26493483,1036,572807.09624400,281.50782739
USDC-ETH,26493484,26503483,2072,1423193.63270700,692.75547878
USDC-ETH,26503484,26513483,1102,705794.21267500,341.15736385
USDC-ETH,26513484,26523483,521,225371.51999100,108.85154947
USDC-ETH,26523484,26533483,836,414170.02370500,200.95456476
USDC-ETH,26533484,26543483,663,311844.24462500,152.88879086
USDC-ETH,26543484,26553483,601,230846.57192900,113.95293661
USDC-ETH,26553484,26563483,731,279728.26220800,137.09942772
USDC-ETH,26563484,26573483,1186,417737.67113400,202.92291076
USDC-ETH,26573484,26583483,1389,878470.31374300,425.19324816
USDC-ETH,26583484,26593483,1441,876409.44678500,425.39034216
USDC-ETH,26593484,26603483,977,476405.90664900,231.53679759
USDC-ETH,26603484,26613483,626,249944.21213900,121.21473905
USDC-ETH,26613484,26623483,1610,962186.21725700,456.09061052
USDC-ETH,26623484,26633483,1077,350118.06688600,165.68588887
USDC-ETH,26633484,26643483,1070,352472.82873000,167.64661721
USDC-ETH,26643484,26653483,1136,416655.97313400,198.08683970
USDC-ETH,26653484,26663483,941,433362.84751000,203.39803603
USDC-ETH,26663484,26673483,2016,1363259.62492700,628.00417422
USDC-ETH,26673484,26683483,1869,1080576.84854700,509.93868091
USDC-ETH,26683484,26693483,856,350983.26766800,166.80341971
USDC-ETH,26693484,26703483,873,447099.45315800,213.54043140
USDC-ETH,26703484,26713483,719,284762.09323600,136.25344410
USDC-ETH,26713484,26723483,408,143376.87694000,68.41391254
USDC-ETH,26723484,26733483,524,212494.73628400,102.11985832
USDC-ETH,26733484,26743483,447,151480.59884000,73.16473079
USDC-ETH,26743484,26753483,547,111778.37474100,53.88654499
USDC-ETH,26753484,26763483,564,156699.00484400,75.54345974
USDC-ETH,26763484,26773483,286,27541.14326400,13.26882434
USDC-ETH,26773484,26783483,286,37846.57350400,18.17531873
USDC-ETH,26783484,26793483,456,186430.98625700,89.13436260
USDC-ETH,26793484,26803483,517,205669.84610700,98.17170578
USDC-ETH,26803484,26813483,509,139357.58104900,66.16114056
USDC-ETH,26813484,26823483,458,114271.46435200,54.12490752
USDC-ETH,26823484,26833483,530,103777.33851500,48.99015739
USDC-ETH,26833484,26843483,700,317266.89024400,151.15580020
USDC-ETH,26843484,26853483,454,113307.43488200,54.12790111
USDC-ETH,26853484,26863483,707,278492.38750000,132.23850128
USDC-ETH,26863484,26873483,1328,851377.23104600,395.28642677
USDC-ETH,26873484,26883483,1257,682787.33881400,313.55160034
USDC-ETH,26883484,26893483,1090,783296.04743900,352.44363987
USDC-ETH,26893484,26903483,1124,551295.49491600,243.13922895
USDC-ETH,26903484,26913483,1160,491749.98485500,218.46449245
USDC-ETH,26913484,26923483,1094,621295.91336400,272.48765135
USDC-ETH,26923484,26933483,1821,1197227.04496700,524.60158303
USDC-ETH,26933484,26943483,1050,590764.19669100,257.18035897
USDC-ETH,26943484,26953483,665,287117.18189100,123.16055048
USDC-ETH,26953484,26963483,713,530680.39190000,225.69983709
USDC-ETH,26963484,26973483,979,740626.11124400,314.36759473
USDC-ETH,26973484,26983483,1195,637222.64739800,274.95330250
USDC-ETH,26983484,26993483,642,439488.28731700,189.60847254
USDC-ETH,26993484,27003483,690,436565.82395900,188.39521338
USDC-ETH,27003484,27013483,735,550369.66012200,236.53345808
USDC-ETH,27013484,27023483,968,707462.01477000,303.96708971
USDC-ETH,27023484,27033483,285,277989.00713200,119.28929352
USDC-ETH,27033484,27043483,439,272207.95806800,116.87585225
USDC-ETH,27043484,27053483,462,330137.33623100,142.30959305
USDC-ETH,27053484,27063483,471,233548.70417700,100.14948171
USDC-ETH,27063484,27073483,429,172244.06078600,74.07103649
USDC-ETH,27073484,27083483,333,151605.10486100,65.35691623
USDC-ETH,27083484,27093483,1200,847488.75140200,370.99223939
USDC-ETH,27093484,27103483,4065,1990754.80674000,893.23188402
USDC-ETH,27103484,27113483,2388,1308952.80388200,598.87032597
USDC-ETH,27113484,27123483,1885,1098303.34105500,500.54023853
USDC-ETH,27123484,27133483,1157,548410.61102000,249.98768637
USDC-ETH,27133484,27143483,991,510410.11479100,232.24374617
USDC-ETH,27143484,27153483,1136,560844.50025900,253.68021136
USDC-ETH,27153484,27163483,1206,544472.18381300,249.95174258
USDC-ETH,27163484,27173483,1233,663777.81916200,304.77485157
USDC-ETH,27173484,27183483,1073,559864.04230500,260.48068874
USDC-ETH,27183484,27193483,1656,1037002.62215200,487.27083836
USDC-ETH,27193484,27203483,1014,533324.11321900,251.77987668
USDC-ETH,27203484,27213483,1028,605560.05661700,282.31862360
USDC-ETH,27213484,27223483,799,425791.77263100,198.68212548
USDC-ETH,27223484,27233483,825,405077.86254900,188.56467476
USDC-ETH,27233484,27243483,630,295950.61059800,137.67398333
USDC-ETH,27243484,27253483,1006,502805.46069100,233.86437312
USDC-ETH,27253484,27263483,705,370973.60644600,172.72796266
USDC-ETH,27263484,27273483,1291,833274.39285900,389.89453880
USDC-ETH,27273484,27283483,1223,848605.39558200,397.46317304
USDC-ETH,27283484,27293483,811,518379.25138200,243.45443192
USDC-ETH,27293484,27303483,564,370409.98802900,172.59137017
USDC-ETH,27303484,27313483,286,182512.07752300,84.76540452
USDC-ETH,27313484,27323483,287,89297.08586900,41.47158438
USDC-ETH,27323484,27333483,191,57461.58210200,26.65720956
USDC-ETH,27333484,27343483,295,110890.27541200,51.43432906
USDC-ETH,27343484,27353483,281,37685.08130200,17.46858361
USDC-ETH,27353484,27363483,322,136114.08593700,63.01824618
USDC-ETH,27363484,27373483,406,132647.07690900,61.67591088
USDC-ETH,27373484,27383483,177,52256.76923500,24.27203373
USDC-ETH,27383484,27393483,104,40760.14932200,18.94395908
USDC-ETH,27393484,27403483,1758,1227595.00756000,588.28590103
USDC-ETH,27403484,27413483,995,470014.25856100,222.55429368
USDC-ETH,27413484,27423483,627,165586.59718600,78.55699774
USDC-ETH,27423484,27433483,1110,381268.78321700,182.83568374
USDC-ETH,27433484,27443483,745,269943.96088100,129.75073262
USDC-ETH,27443484,27453483,630,249498.76719100,119.93341467
USDC-ETH,27453484,27463483,446,145375.13593100,70.09198482
USDC-ETH,27463484,27473483,803,274718.07448400,133.65798383
USDC-ETH,27473484,27483483,782,512099.82010000,249.00470086
USDC-ETH,27483484,27493483,958,502462.22726700,244.32097512
USDC-ETH,27493484,27503483,485,224191.37242800,108.69633712
USDC-ETH,27503484,27513483,1028,458104.69734500,224.07785029
USDC-ETH,27513484,27522192,1787,2504612.08057700,1170.54275087
