block,timestamp,amount0,amount1,total_supply,price,tick
19208958,1765951769,0.00137619,0.000000,59815574,86658.901754,67649
19218958,0,0.00137619,0.000000,59815574,86319.903990,67609
19228958,0,0.00137619,0.000000,59815574,86767.819757,67661
19238958,0,0.00073772,55.465460,59815574,87571.966240,67753
19248958,0,0.00079578,50.428431,59815574,86653.253902,67648
19258958,0,0.00084156,46.477981,59815574,85922.886461,67563
19268958,0,0.00138413,0.000001,59815574,86054.067939,67578
19278958,0,0.00083703,46.987750,59815574,85930.205673,67564
19288958,0,0.00079174,50.894719,59815574,86604.326999,67642
19298958,0,0.00079393,50.705257,59815574,86571.575777,67638
19308958,1766051769,0.00075834,53.795627,59815574,87106.563128,67700
19318958,0,0.00075280,54.278792,59815574,87190.354939,67710
19328958,0,0.00044943,81.138561,59815574,88378.617686,67845
19338958,0,0.00071060,58.303015,59815574,86503.880183,67631
19348958,0,0.00138532,0.000000,59815574,85146.331470,67472
19358958,0,0.00100244,32.602957,59815574,85379.592204,67500
19368958,0,0.00099100,33.580156,59815574,85470.988616,67510
19378958,0,0.00082552,47.833799,59815574,86809.674823,67666
19388958,0,0.00068746,59.897528,59815574,87950.814442,67797
19398958,0,0.00136957,0.000001,59815574,87965.185670,67798
19408958,1766151769,0.00136957,0.000001,59815574,87937.354564,67795
19418958,0,0.00136957,0.000001,59815574,88193.671344,67824
19428958,0,0.00136956,0.000000,59815574,87189.143827,67710
19438958,0,0.00136956,0.000000,59815574,87758.225822,67775
19448958,0,0.00136956,0.000000,59815574,87969.914190,67799
19458958,0,0.00136956,0.000000,59815574,88047.266500,67807
19468958,0,0.00136956,0.000000,59815574,88148.823348,67819
19478958,0,0.00025772,97.956545,59815574,88132.731794,67817
19488958,0,0.00026030,97.729330,59815574,88087.274707,67812
19498958,0,0.00026447,97.362185,59815574,88013.847481,67804
19508958,1766251769,0.00026558,97.263788,59815574,87994.173806,67801
19518958,0,0.00136920,0.000001,59815574,88091.684341,67813
19528958,0,0.00136919,0.000000,59815574,88143.003894,67818
19538958,0,0.00136919,0.000000,59815574,87971.474440,67799
19548958,0,0.00136919,0.000000,59815574,87927.739160,67794
19558958,0,0.00136918,0.000000,59815574,87925.197057,67794
19568958,0,0.00136918,0.000000,59815574,88646.022527,67875
19578958,0,0.00136918,0.000000,59815574,88446.070793,67853
19588958,0,0.00136918,0.000000,59815574,87788.186982,67778
19598958,0,0.00136917,0.000000,59815574,87867.614628,67787
19608958,1766351769,0.00136916,0.000000,59815574,88127.428341,67817
19618958,0,0.00136915,0.000000,59815574,88539.552851,67863
19628958,0,0.00071822,57.864099,59815574,88268.405605,67833
19638958,0,0.00065687,63.303230,59815574,88662.079836,67877
19648958,0,0.00060564,67.863327,59815574,89381.831446,67958
19658958,0,0.00063559,65.192597,59815574,89466.156357,67967
19668958,0,0.00068519,60.745375,59815574,89550.192068,67977
19678958,0,0.00069943,59.470144,59815574,89450.568728,67966
19688958,0,0.00084633,46.405376,59815574,88433.118963,67851
19698958,0,0.00089171,42.398798,59815574,88122.263174,67816
19708958,1766451769,0.00063980,64.726122,59815574,88580.557897,67868
19718958,0,0.00071294,58.266515,59815574,88051.660186,67808
19728958,0,0.00077836,52.555060,59815574,87140.825126,67704
19738958,0,0.00066326,62.602309,59815574,87342.726245,67727
19748958,0,0.00061552,66.780167,59815574,87668.179773,67764
19758958,0,0.00081989,48.943529,59815574,86877.648153,67674
19768958,0,0.00071283,58.280511,59815574,87558.440695,67752
19778958,0,0.00066802,62.264893,59815574,87648.081204,67762
19788958,0,0.00068557,60.750790,59815574,87228.582983,67714
19798958,0,0.00064657,64.157752,59815574,87505.855845,67746
19808958,1766551769,0.00067128,62.012174,59815574,87175.808347,67708
19818958,0,0.00068872,60.493969,59815574,86970.095156,67684
19828958,0,0.00066474,62.583777,59815574,86952.486160,67682
19838958,0,0.00064138,64.617232,59815574,87306.858013,67723
19848958,0,0.00065466,63.476505,59815574,86940.741372,67681
19858958,0,0.00059088,69.035831,59815574,87392.490181,67733
19868958,0,0.00067017,62.105044,59815574,87600.608828,67757
19878958,0,0.00065316,63.594530,59815574,87571.367899,67753
19888958,0,0.00063797,64.925957,59815574,87724.666146,67771
19898958,0,0.00070025,59.461461,59815574,87633.561860,67760
19908958,1766651769,0.00067990,61.247486,59815574,87301.886036,67722
19918958,0,0.00067122,62.006031,59815574,87345.204320,67727
19928958,0,0.00065573,63.358056,59815574,87440.649384,67738
19938958,0,0.00073629,56.213375,59815574,87929.061235,67794
19948958,0,0.00072517,57.191663,59815574,88000.834234,67802
19958958,0,0.00068937,60.348695,59815574,87709.204092,67769
19968958,0,0.00069615,59.763424,59815574,87166.849121,67707
19978958,0,0.00072353,57.241419,59815574,88456.069293,67854
19988958,0,0.00064675,64.049619,59815574,88858.506488,67899
19998958,0,0.00063717,64.893952,59815574,88553.381143,67865
20008958,1766751769,0.00068497,60.659045,59815574,88507.750344,67860
20018958,0,0.00090955,40.954345,59815574,86982.230077,67686
20028958,0,0.00087821,43.683403,59815574,87192.720161,67710
20038958,0,0.00084159,46.880890,59815574,87439.663423,67738
20048958,0,0.00066534,62.318426,59815574,87309.479073,67723
20058958,0,0.00068083,60.965318,59815574,87267.682898,67719
20068958,0,0.00066474,62.367985,59815574,87405.806459,67734
20078958,0,0.00068399,60.680487,59815574,87484.169314,67743
20088958,0,0.00069137,60.030022,59815574,87437.762108,67738
20098958,0,0.00067154,61.756550,59815574,87373.377256,67731
20108958,1766851769,0.00065737,62.986317,59815574,87444.096718,67739
20118958,0,0.00065290,63.375190,59815574,87424.530130,67736
20128958,0,0.00064998,63.625598,59815574,87502.010516,67745
20138958,0,0.00066357,62.436326,59815574,87695.799985,67767
20148958,0,0.00065635,63.068939,59815574,87718.410231,67770
20158958,0,0.00067119,61.758625,59815574,87595.511053,67756
20168958,0,0.00064705,63.873341,59815574,87795.031275,67779
20178958,0,0.00064538,64.020248,59815574,87808.848786,67780
20188958,0,0.00067012,61.845590,59815574,87851.929371,67785
20198958,0,0.00063616,64.821735,59815574,87728.530824,67771
20208958,1766951769,0.00065623,63.054885,59815574,87501.057204,67745
20218958,0,0.00067933,61.029938,59815574,87499.706137,67745
20228958,0,0.00065949,62.770753,59815574,87885.827283,67789
20238958,0,0.00058925,68.973625,59815574,89700.885166,67994
20248958,0,0.00068525,60.348782,59815574,89538.903426,67975
20258958,0,0.00079995,50.205344,59815574,87888.920000,67789
20268958,0,0.00074233,55.288294,59815574,87261.428233,67718
20278958,0,0.00066219,62.290507,59815574,87403.345444,67734
20288958,0,0.00063290,64.856417,59815574,87646.345815,67762
20298958,0,0.00073256,56.140482,59815574,87110.731959,67701
20308958,1767051769,0.00066951,61.637258,59815574,87161.826794,67706
20318958,0,0.00069093,59.768058,59815574,87175.512270,67708
20328958,0,0.00067606,61.047445,59815574,87292.463990,67721
20338958,0,0.00065302,63.050912,59815574,87490.655781,67744
20348958,0,0.00064932,63.373194,59815574,87976.846662,67799
20358958,0,0.00066342,62.132676,59815574,87891.881782,67790
20368958,0,0.00064679,63.568636,59815574,88945.155625,67909
20378958,0,0.00077368,52.343539,59815574,87937.017644,67795
20388958,0,0.00064345,63.804181,59815574,88078.696215,67811
20398958,0,0.00065322,62.939058,59815574,88088.425356,67812
20408958,1767151769,0.00067481,61.028200,59815574,88276.904412,67834
20418958,0,0.00065654,62.636507,59815574,88187.943855,67823
20428958,0,0.00066073,62.267413,59815574,88156.024999,67820
20438958,0,0.00060093,67.552985,59815574,88613.666515,67872
20448958,0,0.00062171,65.713279,59815574,88454.244613,67854
20458958,0,0.00074853,54.556267,59815574,87490.494782,67744
20468958,0,0.00076427,53.180055,59815574,87371.982421,67730
20478958,0,0.00074234,55.098706,59815574,87537.228908,67749
20488958,0,0.00071808,57.223960,59815574,87720.451513,67770
20498958,0,0.00074920,54.497684,59815574,87485.448232,67743
20508958,1767251769,0.00074281,55.057574,59815574,87533.684663,67749
20518958,0,0.00071301,57.668938,59815574,87758.838275,67775
20528958,0,0.00070498,58.374228,59815574,87819.698499,67782
20538958,0,0.00070568,58.312491,59815574,87814.370299,67781
20548958,0,0.00067478,61.029316,59815574,88048.997933,67808
20558958,0,0.00066419,61.962721,59815574,88129.679967,67817
20568958,0,0.00061430,66.368569,59815574,88511.013039,67860
20578958,0,0.00065200,63.037747,59815574,88222.649242,67827
20588958,0,0.00062959,65.016067,59815574,88393.864325,67847
20598958,0,0.00058801,68.698137,59815574,88712.973562,67883
20608958,1767351769,0.00052617,74.199435,59815574,89190.818819,67937
20618958,0,0.00054316,72.684990,59815574,89059.145422,67922
20628958,0,0.00045119,80.908605,59815574,89775.317568,68002
20638958,0,0.00046038,80.084104,59815574,89703.384685,67994
20648958,0,0.00043374,82.476610,59815574,89912.196409,68017
20658958,0,0.00044004,81.909887,59815574,89862.712350,68012
20668958,0,0.00042846,82.951193,59815574,89953.645570,68022
20678958,0,0.00045228,80.810649,59815574,89766.769963,68001
20688958,0,0.00048845,77.569287,59815574,89484.159651,67969
20698958,0,0.00047830,78.477758,59815574,89563.323136,67978
20708958,1767451769,0.00043283,82.558529,59815574,89919.350381,68018
20718958,0,0.00043878,82.022828,59815574,89872.572834,68013
20728958,0,0.00044151,81.777841,59815574,89851.184568,68010
20738958,0,0.00040385,85.167683,59815574,90147.356315,68043
20748958,0,0.00031977,92.774783,59815574,90813.765452,68117
20758958,0,0.00028524,95.915316,59815574,91089.603041,68147
20768958,0,0.00031306,93.384018,59815574,90867.242737,68123
20778958,0,0.00030942,93.715627,59815574,90896.357305,68126
20788958,0,0.00032573,92.233549,59815574,90766.270290,68112
20798958,0,0.00032757,92.066625,59815574,90751.624718,68110
20808958,1767551769,0.00031687,93.037874,59815574,90836.857089,68119
20818958,0,0.00028156,96.250589,59815574,91119.075328,68150
20828958,0,0.00022725,101.210831,59815574,91555.663255,68198
20838958,0,0.00010373,112.581686,59815574,92560.434633,68307
20848958,0,0.00014303,108.951080,59815574,92239.024795,68273
20858958,0,0.00012726,110.406442,59815574,92367.797775,68287
20868958,0,0.00008785,114.053336,59815574,92690.875966,68321
20878958,0,0.00012120,110.966251,59815574,92417.354632,68292
20888958,0,0.00001975,120.384203,59815574,93253.066608,68382
20898958,0,0.00000002,122.226240,59815574,94007.610629,68463
20908958,1767651769,0.00000002,122.226240,59815574,93923.451641,68454
20918958,0,0.00000002,122.226240,59815574,93640.499500,68423
20928958,0,0.00063631,62.895326,59815574,93556.997753,68414
20938958,0,0.00060284,66.025419,59815574,93605.418376,68420
20948958,0,0.00063240,63.263540,59815574,93304.816570,68387
20958958,0,0.00061433,64.954401,59815574,93674.668368,68427
20968958,0,0.00063331,63.183180,59815574,93569.480052,68416
20978958,0,0.00073863,53.405791,59815574,92059.736419,68253
20988958,0,0.00058946,67.076512,59815574,92443.271068,68295
20998958,0,0.00062885,63.415208,59815574,93345.368495,68392
21008958,1767751769,0.00067434,59.161970,59815574,92456.103243,68296
21018958,0,0.00068521,58.119396,59815574,92634.478418,68315
21028958,0,0.00064053,62.257295,59815574,92732.811153,68326
21038958,0,0.00065063,61.282772,59815574,91767.840123,68221
21048958,0,0.00064587,61.708744,59815574,91860.483340,68231
21058958,0,0.00070841,55.983233,59815574,91341.941707,68175
21068958,0,0.00066721,59.755966,59815574,91157.644480,68155
21078958,0,0.00063936,62.294599,59815574,91141.847863,68153
21088958,0,0.00071007,55.840030,59815574,91169.123034,68156
21098958,0,0.00068753,57.904939,59815574,91051.080707,68143
21108958,1767851769,0.00071028,55.839059,59815574,90881.671422,68124
21118958,0,0.00062847,63.214036,59815574,90406.830877,68072
21128958,0,0.00066254,60.133289,59815574,90132.946251,68042
21138958,0,0.00062814,63.225516,59815574,89839.260211,68009
21148958,0,0.00061859,64.080402,59815574,90767.359986,68112
21158958,0,0.00070849,55.917970,59815574,90983.603539,68136
21168958,0,0.00063251,62.779004,59815574,90923.269140,68129
21178958,0,0.00060600,65.185743,59815574,91023.783374,68140
21188958,0,0.00062658,63.305068,59815574,90946.824765,68132
21198958,0,0.00063709,62.347388,59815574,90881.490561,68124
21208958,1767951769,0.00059634,65.908935,59815574,90150.034861,68044
21218958,0,0.00070539,56.065627,59815574,90128.501315,68041
21228958,0,0.00063826,62.139623,59815574,90088.889976,68037
21238958,0,0.00061110,64.492744,59815574,91197.639155,68159
21248958,0,0.00065611,60.373131,59815574,90175.014430,68046
21258958,0,0.00065113,60.823656,59815574,90442.180504,68076
21268958,0,0.00062229,63.427685,59815574,90442.199655,68076
21278958,0,0.00068306,57.933227,59815574,90273.722689,68057
21288958,0,0.00063548,62.227758,59815574,90378.882934,68069
21298958,0,0.00063072,62.653150,59815574,90500.684715,68082
21308958,1768051769,0.00065184,60.737755,59815574,90485.888053,68081
21318958,0,0.00062015,63.599533,59815574,90458.507144,68078
21328958,0,0.00066444,59.589097,59815574,90362.836566,68067
21338958,0,0.00066765,59.293941,59815574,90344.588970,68065
21348958,0,0.00066287,59.726171,59815574,90377.469234,68069
21358958,0,0.00062191,63.419361,59815574,90378.238627,68069
21368958,0,0.00064693,61.154196,59815574,90498.544036,68082
21378958,0,0.00065449,60.470575,59815574,90440.468260,68076
21388958,0,0.00063690,62.059756,59815574,90575.581702,68091
21398958,0,0.00062663,62.990452,59815574,90682.773325,68102
21408958,1768151769,0.00060883,64.607099,59815574,90876.781748,68124
21418958,0,0.00067980,58.165415,59815574,90516.650294,68084
21428958,0,0.00063663,62.060049,59815574,90516.600875,68084
21438958,0,0.00061231,64.274913,59815574,90971.362668,68134
21448958,0,0.00066468,59.476735,59815574,91702.814223,68214
21458958,0,0.00064058,61.685621,59815574,91635.287632,68207
21468958,0,0.00061308,64.099495,59815574,90605.915985,68094
21478958,0,0.00063794,61.850555,59815574,90562.906807,68089
21488958,0,0.00061869,63.588020,59815574,91024.602233,68140
21498958,0,0.00057080,67.957958,59815574,91455.905720,68187
21508958,1768251769,0.00069556,56.556417,59815574,91268.107526,68167
21518958,0,0.00068050,57.930546,59815574,91052.967534,68143
21528958,0,0.00063305,62.249296,59815574,91128.798218,68151
21538958,0,0.00057881,67.208423,59815574,91837.744472,68229
21548958,0,0.00064858,60.799757,59815574,91803.008009,68225
21558958,0,0.00064333,61.281420,59815574,91842.163261,68229
21568958,0,0.00063242,62.291329,59815574,91943.067932,68240
21578958,0,0.00065105,60.498837,59815574,92860.494262,68340
21588958,0,0.00063751,61.757625,59815574,93270.161550,68384
21598958,0,0.00066200,59.430866,59815574,93851.986581,68446
21608958,1768351769,0.00062099,63.274034,59815574,94980.300858,68565
21618958,0,0.00061978,63.389532,59815574,95092.796646,68577
21628958,0,0.00064064,61.408247,59815574,94581.420525,68523
21638958,0,0.00062609,62.789441,59815574,94741.939327,68540
21648958,0,0.00063023,62.398556,59815574,94673.686511,68533
21658958,0,0.00057300,67.821846,59815574,95480.093741,68618
21668958,0,0.00061162,64.070945,59815574,97065.977085,68783
21678958,0,0.00058356,66.799722,59815574,97068.071413,68783
21688958,0,0.00067364,58.071956,59815574,96607.481586,68735
21698958,0,0.00065611,59.769511,59815574,96151.556215,68688
21708958,1768451769,0.00059050,66.026768,59815574,95874.754094,68659
21718958,0,0.00060852,64.300655,59815574,96009.764780,68673
21728958,0,0.00054993,69.947357,59815574,96572.838621,68732
21738958,0,0.00057530,67.479824,59815574,96457.864660,68720
21748958,0,0.00079575,46.280517,59815574,95490.046622,68619
21758958,0,0.00064679,60.608350,59815574,95889.012685,68661
21768958,0,0.00059066,65.902527,59815574,95080.350912,68576
21778958,0,0.00064088,61.118142,59815574,95398.649065,68609
21788958,0,0.00065109,60.147372,59815574,95263.265051,68595
21798958,0,0.00060713,64.329493,59815574,95093.683859,68577
21808958,1768551769,0.00062874,62.256343,59815574,95467.898119,68617
21818958,0,0.00067509,57.838010,59815574,95201.642052,68589
21828958,0,0.00066590,58.713297,59815574,95254.358726,68594
21838958,0,0.00117500,104.861368,106170063,94684.015826,68534
21848958,0,0.00111298,110.713801,106170063,94728.586230,68539
21858958,0,0.00109262,112.639780,106170063,95120.496881,68580
21868958,0,0.00108810,113.068191,106170063,95173.365331,68586
21878958,0,0.00107853,113.977723,106170063,95087.476342,68577
21888958,0,0.00107139,114.649202,106170063,95049.989462,68573
21898958,0,0.00108474,113.380135,106170063,95006.957620,68568
21908958,1768651769,0.00105989,115.742094,106170063,95087.055329,68577
21918958,0,0.00111810,110.196874,106170063,95202.773225,68589
21928958,0,0.00111098,110.874977,106170063,95231.095137,68592
21938958,0,0.00111556,110.440524,106170063,95192.786883,68588
21948958,0,0.00109763,112.141645,106170063,95068.650414,68575
21958958,0,0.00119640,102.754560,106170063,94912.270804,68558
21968958,0,0.00118098,104.202538,106170063,94944.439043,68562
21978958,0,0.00111121,110.818035,106170063,94948.968454,68562
21988958,0,0.00110811,111.112852,106170063,94962.000068,68564
21998958,0,0.00107416,114.336223,106170063,94973.822305,68565
22008958,1768751769,0.00111322,110.625126,106170063,94914.467607,68559
22018958,0,0.00106404,115.305812,106170063,95258.188883,68595
22028958,0,0.00111503,110.443309,106170063,95205.116469,68589
22038958,0,0.00132989,89.691351,106170063,92342.235940,68284
22048958,0,0.00110159,110.885681,106170063,92473.492578,68298
22058958,0,0.00120526,111.201953,111114990,92563.422362,68308
22068958,0,0.00099082,121.144929,106170063,92916.200128,68346
22078958,0,0.00108748,112.159648,106170063,92977.272324,68352
22088958,0,0.00111970,109.162258,106170063,92783.948290,68332
22098958,0,0.00554909,636.866600,573915666,93138.538785,68370
22108958,1768851769,0.00572625,620.379233,573915666,92989.033539,68354
22118958,0,0.00594849,599.742192,573915666,92893.789358,68343
22128958,0,0.00590433,603.865130,573915666,92610.294405,68313
22138958,0,0.00610879,584.996448,573915666,92383.300002,68288
22148958,0,0.00681794,519.884119,573915666,90919.103205,68128
22158958,0,0.00601160,593.298522,573915666,90910.273352,68127
22168958,0,0.00617009,578.834369,573915666,91049.233480,68143
22178958,0,0.00746617,461.665277,573915666,90000.987850,68027
22188958,0,0.00651842,547.760257,573915666,89692.307601,67993
22198958,0,0.00625089,571.897875,573915666,89619.635101,67984
22208958,1768951769,0.00614443,581.079734,573915666,88185.452960,67823
22218958,0,0.00614010,581.278508,573915666,89183.071427,67936
22228958,0,0.00621164,574.904148,573915666,89377.879098,67957
22238958,0,0.00682269,520.180764,573915666,89150.376856,67932
22248958,0,0.00616193,579.220994,573915666,89216.683138,67939
22258958,0,0.00653934,545.632547,573915666,88779.265393,67890
22268958,0,0.00563126,628.168496,574831086,89752.509529,67999
22278958,0,0.00625379,572.392711,574831086,88396.710116,67847
22288958,0,0.00603734,591.370263,574831086,89881.674564,68014
22298958,0,0.00633142,565.030223,574831086,89566.503008,67979
22308958,1769051769,0.00605314,589.993958,574831086,89846.197826,68010
22318958,0,0.00610351,585.521105,574831086,89756.504910,68000
22328958,0,0.00631509,566.565416,574831086,89578.645269,67980
22338958,0,0.00617289,583.852230,577127497,89718.994750,67996
22348958,0,0.00610076,590.269607,577127497,89300.821529,67949
22358958,0,0.00607628,592.628888,577127497,89047.274787,67920
22368958,0,0.00567979,628.004143,577127497,89393.158797,67959
22378958,0,0.00642318,561.698333,577127497,88996.313850,67915
22388958,0,0.00603972,595.910319,577127497,89309.386320,67950
22398958,0,0.00604895,595.073171,577127497,89574.635826,67979
22408958,1769151769,0.00640242,563.466282,577127497,89266.047139,67945
22418958,0,0.00641533,562.324934,577127497,88738.620756,67886
22428958,0,0.00621590,580.037191,577127497,88894.853531,67903
22438958,0,0.00620847,580.733061,577127497,88916.426781,67906
22448958,0,0.00487430,700.501486,577127497,90531.938683,68086
22458958,0,0.00700055,509.190056,577127497,89189.016466,67936
22468958,0,0.00636588,565.875116,577127497,89293.669484,67948
22478958,0,0.00602295,596.477515,577127497,89319.211291,67951
22488958,0,0.00609721,589.805188,577127497,89507.161855,67972
22498958,0,0.00625515,575.678428,577127497,89382.065864,67958
22508958,1769251769,0.00626811,574.526769,577127497,89378.595128,67958
22518958,0,0.00604582,594.377120,577127497,89325.645788,67952
22528958,0,0.00630617,571.145114,577127497,89090.852052,67925
22538958,0,0.00621242,579.502463,577127497,89183.850277,67936
22548958,0,0.00614782,585.272129,577127497,89232.591417,67941
22558958,0,0.00628258,573.260892,577127497,89090.793726,67925
22568958,0,0.00649654,554.214491,577127497,88948.790333,67909
22578958,0,0.00614797,585.163003,577127497,88715.436518,67883
22588958,0,0.00613592,586.121441,577127497,88234.297679,67829
22598958,0,0.00608899,590.258196,577127497,88498.773448,67859
22608958,1769351769,0.00601460,596.843619,577127497,88562.801566,67866
22618958,0,0.00688981,519.661462,577127497,87813.836771,67781
22628958,0,0.00854476,389.726528,584181936,86473.962572,67627
22638958,0,0.00649388,567.744892,584181936,86188.142063,67594
22648958,0,0.00601970,603.899272,581844224,87296.087011,67722
22658958,0,0.00573939,628.065890,581844224,87401.382141,67734
22668958,0,0.00597814,607.204788,581844224,87601.878381,67757
22678958,0,0.00632878,576.607281,581844224,87374.176836,67731
22688958,0,0.00641826,568.764968,581844224,87481.668092,67743
22698958,0,0.00604300,601.637605,581844224,87960.793847,67798
22708958,1769451769,0.00627354,581.056269,581844224,87613.942463,67758
22718958,0,0.00695626,521.311313,581844224,87401.204043,67734
22728958,0,0.00577809,624.683354,581844224,88106.728980,67814
22738958,0,0.00620907,586.749118,581844224,88199.681791,67825
22748958,0,0.00617234,590.002926,581844224,88078.243410,67811
22758958,0,0.00640224,569.759308,581844224,88001.652561,67802
22768958,0,0.00624097,583.864159,581844224,87590.669018,67755
22778958,0,0.00625980,582.144324,581844224,87687.658074,67767
22788958,0,0.00619930,587.548953,581844224,88170.754481,67821
22798958,0,0.00589765,613.822866,581844224,87989.413948,67801
22808958,1769551769,0.00577598,624.464716,581844224,88797.068111,67892
22818958,0,0.00653812,556.676520,581844224,88944.717929,67909
22828958,0,0.00637858,570.920803,581844224,88736.139514,67885
22838958,0,0.00605243,599.894749,581844224,88833.759248,67896
22848958,0,0.00654656,556.004931,581844224,88627.982616,67873
22858958,0,0.00567326,633.793291,581844224,89523.486185,67974
22868958,0,0.00683767,529.369717,581844224,89221.402447,67940
22878958,0,0.00598314,605.335825,581844224,89064.678359,67922
22888958,0,0.00615775,589.677156,581844224,89227.710498,67941
22898958,0,0.00637845,570.202811,581844224,89048.585349,67921
22908958,1769651769,0.00657963,552.170222,581844224,88360.964885,67843
22918958,0,0.00615015,589.792447,581844224,87910.531283,67792
22928958,0,0.00631377,575.371365,581844224,88064.598731,67809
22938958,0,0.00627634,578.655346,581844224,87849.144565,67785
22948958,0,0.00599424,603.457219,581844224,87886.545068,67789
22958958,0,0.00899330,342.804134,581844224,85788.067211,67548
22968958,0,0.00750891,469.442285,581844224,84034.699215,67341
22978958,0,0.00589755,604.773873,581844224,84199.550658,67361
22988958,0,0.00610425,587.401305,581844224,84424.337870,67387
22998958,0,0.00699211,510.634896,581844224,82066.307796,67104
23008958,1769751769,0.00624173,572.423011,581844224,82619.979614,67171
23018958,0,0.00633769,564.757722,581844224,82339.573094,67137
23028958,0,0.00640964,558.835780,581844224,82278.717808,67130
23038958,0,0.00630760,567.235788,581844224,82365.044974,67140
23048958,0,0.00548245,635.558889,581844224,82845.381990,67198
23058958,0,0.00359285,792.176696,581844224,83669.651517,67297
23068958,0,0.00629930,565.988547,581844224,83673.787902,67298
23078958,0,0.00654634,545.285860,581844224,83839.208164,67318
23088958,0,0.00609587,583.007735,581844224,83758.152093,67308
23098958,0,0.00675790,527.637555,581844224,83459.178676,67272
23108958,1769851769,0.00643937,553.896346,581844224,82738.668820,67186
23118958,0,0.00649599,549.224316,581844224,82670.858117,67177
23128958,0,0.00832625,399.331575,581844224,81130.749363,66989
23138958,0,0.00698112,506.589457,581844224,78762.304707,66693
23148958,0,0.00726458,484.697776,581844224,77112.473190,66481
23158958,0,0.00565328,610.009437,581844224,78434.574679,66651
23168958,0,0.00660801,535.399862,581844224,78159.021758,66616
23178958,0,0.00621597,566.176143,581844224,78631.547805,66676
23188958,0,0.00597724,584.504765,581844224,78283.355917,66632
23198958,0,0.00582432,596.664276,581844224,78717.648767,66687
23208958,1769951769,0.00633313,556.739508,581844224,78330.491570,66638
23218958,0,0.00652419,541.124323,581844224,77036.047065,66471
23228958,0,0.00690231,511.512661,581844224,77669.489728,66553
23238958,0,0.00624245,562.271592,581844224,76868.955863,66450
23248958,0,0.00576309,599.651121,581844224,77550.731625,66538
23258958,0,0.00760678,457.665877,581844224,76276.177122,66372
23268958,0,0.00718979,488.450581,581844224,75435.119960,66261
23278958,0,0.00626590,558.028364,581844224,76668.557083,66424
23288958,0,0.00672182,522.556770,581844224,77340.774191,66511
23298958,0,0.00684952,512.631414,581844224,77496.740940,66531
23308958,1770051769,0.00645204,543.519906,581844224,78368.373579,66643
23318958,0,0.00695245,504.373276,581844224,78092.531411,66608
23328958,0,0.00604921,574.746360,581844224,78255.735799,66629
23338958,0,0.00626937,557.497276,581844224,78360.761745,66642
23348958,0,0.00678911,516.914115,581844224,78237.638126,66626
23358958,0,0.00648923,540.452677,581844224,78149.459619,66615
23368958,0,0.00655684,535.240886,581844224,77997.722315,66595
23378958,0,0.00653871,536.698680,581844224,77924.824041,66586
23388958,0,0.00688544,509.775701,581844224,76971.482460,66463
23398958,0,0.00885045,361.231319,581844224,75043.597112,66209
23408958,1770151769,0.00516209,636.874654,581844224,76014.487968,66338
23418958,0,0.00623485,554.012115,581844224,75560.897896,66278
23428958,0,0.00628267,550.463957,581844224,76126.398638,66353
23438958,0,0.00710865,487.493505,581844224,76199.955542,66362
23448958,0,0.00668916,519.440193,581844224,76230.473353,66366
23458958,0,0.00635130,545.171892,581844224,75987.083882,66334
23468958,0,0.00677024,513.512070,581844224,75514.539297,66272
23478958,0,0.00753480,456.617837,581844224,73822.599693,66045
23488958,0,0.00642377,539.035006,581844224,73502.141373,66002
23498958,0,0.00721246,481.695712,581844224,72521.538681,65867
23508958,1770251769,0.00717106,484.781011,581844224,72852.450523,65913
23518958,0,0.00788922,433.580143,581844224,71489.006437,65724
23528958,0,0.00660511,525.557223,581844224,70554.380999,65592
23538958,0,0.00686734,507.164017,581844224,71001.751900,65656
23548958,0,0.00759867,455.406023,581844224,70489.686543,65583
23558958,0,0.00612908,558.094882,581844224,69918.116631,65502
23568958,0,0.00778542,443.327106,581844224,67797.067954,65194
23578958,0,0.00774159,446.403941,581844224,65373.095286,64830
23588958,0,0.00585556,563.742147,581844224,63756.810516,64579
23598958,0,0.00528574,601.831376,581844224,64354.921243,64673
23608958,1770351769,0.00626015,538.884910,581844224,64693.737973,64725
23618958,0,0.00726935,469.879470,581844224,64439.973961,64686
23628958,0,0.00534677,595.204034,581844224,65730.758104,64884
23638958,0,0.00714898,477.273749,581844224,65985.547857,64923
23648958,0,0.00417809,675.976065,581844224,67792.876936,65193
23658958,0,0.00696626,483.123509,581844224,69610.448217,65458
23668958,0,0.00689330,488.389600,581844224,69857.206832,65493
23678958,0,0.00644093,520.209039,581844224,70420.511846,65573
23688958,0,0.00598589,551.763580,581844224,70191.880471,65541
23698958,0,0.00661242,507.498196,581844224,70788.488950,65626
23708958,1770451769,0.00729402,458.448660,581844224,67987.290901,65222
23718958,0,0.00679707,492.465335,581844224,67919.755022,65212
23728958,0,0.00767304,430.780806,581844224,68758.303140,65335
23738958,0,0.00637545,519.948209,581844224,69114.409505,65386
23748958,0,0.00710554,469.909237,581844224,69096.674954,65384
23758958,0,0.00693751,481.565315,581844224,69181.596450,65396
23768958,0,0.00645681,514.695623,581844224,68843.564540,65347
23778958,0,0.00675808,493.865748,581844224,69133.250399,65389
23788958,0,0.00653726,509.139649,581844224,69143.683920,65390
23798958,0,0.00672436,495.635140,581844224,70188.541186,65540
23808958,1770551769,0.00485873,637.864810,588493629,70661.394214,65608
23818958,0,0.00661337,514.099952,588493629,70883.501510,65639
23828958,0,0.00663126,512.817287,588493629,70327.839797,65560
23838958,0,0.00680722,500.280316,588493629,70784.878446,65625
23848958,0,0.00628452,537.246750,588493629,70796.550193,65627
23858958,0,0.00698318,488.430832,588493629,69833.964793,65490
23868958,0,0.00680104,501.130793,588493629,70783.695736,65625
23878958,0,0.00652642,520.550129,588493629,70450.037877,65578
23888958,0,0.00687868,495.697825,588493629,69286.642091,65411
23898958,0,0.00678314,502.004002,588493629,68809.044318,65342
23908958,1770651769,0.00619720,542.635530,588493629,69259.218432,65407
23918958,0,0.00579393,570.914920,588493629,69966.477843,65509
23928958,0,0.00670421,507.418891,588493629,70215.919911,65544
23938958,0,0.00711137,478.951810,588493629,69913.384942,65501
23948958,0,0.00660269,514.551017,588493629,69871.965970,65495
23958958,0,0.00717666,474.321227,588493629,69296.929269,65413
23968958,0,0.00669706,507.173951,588493629,68673.922774,65322
23978958,0,0.00690992,492.598393,588493629,68683.506549,65324
23988958,0,0.00659208,514.396249,588493629,68724.138680,65330
23998958,0,0.00508222,617.333052,588493629,69342.609684,65419
24008958,1770751769,0.00666435,506.285203,588209201,68551.959783,65305
24018958,0,0.00678573,497.971336,588209201,68430.932975,65287
24028958,0,0.00657366,512.657128,588209201,69012.711525,65372
24038958,0,0.00738320,457.098241,588209201,68248.380532,65260
24048958,0,0.01636157,1034.127395,1315859079,66894.370330,65060
24058958,0,0.01571596,1077.248842,1315859079,66626.847392,65020
24068958,0,0.01425162,1175.055450,1315859079,67035.394647,65081
24078958,0,0.01603891,1054.699691,1315859079,66712.280856,65032
24088958,0,0.01668493,1011.689568,1315859079,66443.843254,64992
24098958,0,0.01680095,1002.514823,1315859079,67082.050853,65088
24108958,1770851769,0.01592704,1061.614927,1315859079,67132.601932,65095
24118958,0,0.01525229,1107.044449,1315859079,67420.689337,65138
24128958,0,0.01530509,1103.608800,1315859079,67013.393214,65078
24138958,0,0.01580303,1070.342910,1315859079,66988.172067,65074
24148958,0,0.01445882,1160.607669,1315859079,67301.002924,65120
24158958,0,0.01540744,1096.495626,1315859079,67535.989534,65155
24168958,0,0.01768017,943.682614,1315859079,66984.418259,65073
24178958,0,0.01482435,1131.457625,1315859079,65319.464009,64821
24188958,0,0.01655761,1017.102601,1315859079,65408.055071,64835
24198958,0,0.01395225,1188.579240,1315859079,66228.197030,64960
24208958,1770951769,0.01464190,1143.562379,1315859079,66501.402959,65001
24218958,0,0.01623392,1037.835403,1315859079,66261.906272,64965
24228958,0,0.01485283,1129.084259,1315859079,66253.603567,64963
24238958,0,0.01543554,1090.261512,1315859079,66681.964543,65028
24248958,0,0.01581667,1064.685436,1315859079,66974.934659,65072
24258958,0,0.01341959,1227.629525,1315859079,68791.173431,65339
24268958,0,0.01562877,1076.175512,1315859079,68597.787152,65311
24278958,0,0.01492498,1124.539443,1315859079,68466.073522,65292
24288958,0,0.01493187,1124.029770,1315859079,68651.428959,65319
24298958,0,0.01437811,1162.011582,1315859079,68669.788362,65322
24308958,1771051769,0.01517081,1107.669706,1315859079,68552.213192,65305
24318958,0,0.01315369,1246.632558,1315859079,69232.489948,65403
24328958,0,0.01093310,1401.211528,1315859079,69993.159704,65513
24338958,0,0.01513457,1110.213316,1315859079,69347.693942,65420
24348958,0,0.01559099,1078.278927,1315859079,69406.224888,65428
24358958,0,0.01488337,1127.613837,1315859079,69602.382892,65457
24368958,0,0.01536535,1094.145499,1315859079,69468.717397,65437
24378958,0,0.01556348,1080.498030,1315859079,69213.310867,65401
24388958,0,0.01499838,1118.958225,1315859079,69823.359747,65488
24398958,0,0.01489083,1126.502256,1315859079,70349.750170,65563
24408958,1771151769,0.01555376,1079.923911,1315859079,70023.952676,65517
24418958,0,0.01787027,919.028739,1315859079,69118.221443,65387
24428958,0,0.01633283,1024.248057,1315859079,68576.242204,65308
24438958,0,0.01785890,919.956428,1315859079,68104.455183,65239
24448958,0,0.01691114,984.641498,1315859079,68396.881091,65282
24458958,0,0.01674993,995.671380,1315859079,68446.807097,65289
24468958,0,0.01788458,918.207626,1315859079,68096.557962,65238
24478958,0,0.01770810,930.229965,1315859079,68150.857566,65246
24488958,0,0.01679056,992.890538,1315859079,68434.218087,65287
24498958,0,0.01689814,985.530357,1315859079,68400.903776,65282
24508958,1771251769,0.01719609,965.164282,1315859079,68308.763284,65269
24518958,0,0.01960795,801.306930,1315859079,67569.697282,65160
24528958,0,0.01903634,839.979662,1315859079,67743.765252,65186
24538958,0,0.01393170,1188.100330,1315859079,68339.681536,65274
24548958,0,0.01502794,1113.040662,1315859079,68622.102106,65315
24558958,0,0.01720597,963.632418,1315859079,68290.881012,65266
24568958,0,0.01505452,1110.329911,1315859079,68136.054060,65244
24578958,0,0.01482222,1125.929001,1315859079,67867.348155,65204
24588958,0,0.01372994,1199.884583,1315859079,67956.274199,65217
24598958,0,0.01864244,868.666561,1315859079,66819.936838,65049
24608958,1771351769,0.01403847,1175.896499,1315859079,66949.822371,65068
24618958,0,0.01234883,1289.482458,1315859079,67500.828566,65150
24628958,0,0.01493186,1116.117944,1315859079,67251.937762,65113
24638958,0,0.01698600,977.996484,1315859079,67036.730740,65081
24648958,0,0.01504373,1108.698357,1315859079,67551.161341,65157
24658958,0,0.01443028,1150.467357,1315859079,67813.644373,65196
24668958,0,0.01657022,1005.536575,1315859079,67514.900274,65152
24678958,0,0.01528407,1091.666171,1315859079,67189.312186,65104
24688958,0,0.01493820,1114.771949,1315859079,67064.990274,65085
24698958,0,0.01696036,980.594538,1315859079,66246.398812,64962
24708958,1771451769,0.01516667,1099.177919,1315859079,66182.701823,64953
24718958,0,0.01450533,1143.028461,1315859079,66343.237908,64977
24728958,0,0.01452968,1141.405173,1315859079,66679.455256,65028
24738958,0,0.01438817,1150.745587,1315859079,66725.292702,65034
24748958,0,0.01518936,1097.065194,1315859079,66759.326629,65040
24758958,0,0.01518304,1097.405755,1315859079,66460.069224,64995
24768958,0,0.01765954,933.948729,1315859079,65662.254178,64874
24778958,0,0.01370794,1195.565301,1315859079,66719.906667,65034
24788958,0,0.01564463,1066.661770,1315859079,66809.138809,65047
24798958,0,0.01529934,1089.752888,1315859079,66711.880307,65032
24808958,1771551769,0.01409467,1170.389156,1315859079,67101.189153,65091
24818958,0,0.01577990,1057.444981,1315859079,66961.829783,65070
24828958,0,0.01479034,1123.786256,1315859079,67478.607293,65147
24838958,0,0.01466581,1132.133162,1315859079,67833.307561,65199
24848958,0,0.01792656,911.592317,1315859079,67154.715814,65099
24858958,0,0.01484077,1116.961249,1315859079,66721.331463,65034
24868958,0,0.01472763,1124.302690,1315859079,67333.870938,65125
24878958,0,0.01455811,1135.858968,1315859079,67450.143223,65142
24888958,0,0.01523826,1089.845779,1315859079,67656.743770,65173
24898958,0,0.01492975,1110.713209,1315859079,67719.517513,65182
24908958,1771651769,0.01496138,1108.326330,1315859079,67507.659656,65151
24918958,0,0.01513286,1096.728336,1315859079,67558.413438,65159
24928958,0,0.01543083,1076.263263,1315859079,67846.045514,65201
24938958,0,0.01530450,1084.837357,1315859079,67889.553869,65207
24948958,0,0.01527986,1086.532392,1315859079,67906.223027,65210
24958958,0,0.01455813,1135.735867,1315859079,68275.970238,65264
24968958,0,0.01595978,1040.098247,1315859079,68054.255173,65232
24978958,0,0.01567916,1058.761251,1315859079,67563.042502,65159
24988958,0,0.01551278,1070.038908,1315859079,67614.435362,65167
24998958,0,0.01448241,1139.755818,1315859079,67778.740363,65191
25008958,1771751769,0.01519176,1091.621398,1315859079,67700.226817,65180
25018958,0,0.01500830,1104.013489,1315859079,67850.910722,65202
25028958,0,0.01548538,1071.800884,1315859079,67097.946073,65090
25038958,0,0.01629670,1017.267174,1315859079,67001.753012,65076
25048958,0,0.01531598,1083.054542,1315859079,67104.459786,65091
25058958,0,0.01439240,1145.112792,1315859079,67342.434775,65127
25068958,0,0.01826125,882.212779,1315859079,64689.887645,64725
25078958,0,0.01585457,1038.382286,1315859079,64811.421284,64743
25088958,0,0.01321890,1210.374384,1315859079,65702.727359,64880
25098958,0,0.01337452,1200.529850,1315859079,66132.915856,64945
25108958,1771851769,0.01439375,1133.321514,1315859079,66070.201515,64936
25118958,0,0.01520790,1079.761863,1315859079,65741.066312,64886
25128958,0,0.01424668,1141.673791,1315859079,64900.527592,64757
25138958,0,0.01377835,1171.019550,1315859079,64653.541390,64719
25148958,0,0.01618641,1015.093900,1315859079,64712.145329,64728
25158958,0,0.01798884,898.919580,1315859079,64197.606099,64648
25168958,0,0.01628399,1008.094150,1315859079,63019.966158,64463
25178958,0,0.01547772,1059.181786,1315859079,63317.079287,64510
25188958,0,0.01548761,1058.548707,1315859079,63267.338964,64502
25198958,0,0.01668011,983.410041,1315859079,62905.032570,64445
25208958,1771951769,0.01530015,1070.923421,1315859079,63996.474304,64617
25218958,0,0.01565957,1047.789560,1315859079,64295.871301,64664
25228958,0,0.01643539,998.024324,1315859079,64058.831551,64627
25238958,0,0.01526731,1073.008321,1315859079,64242.452645,64655
25248958,0,0.01693291,961.140006,1315859079,65235.352411,64809
25258958,0,0.02246753,1563.605116,1930162278,64808.880796,64743
25268958,0,0.02078825,1672.589313,1930162278,65319.472283,64821
25278958,0,0.02101995,1657.466916,1930162278,65272.621349,64814
25288958,0,0.01988688,1732.427515,1930162278,66759.072182,65040
25298958,0,0.01874775,1811.478473,1930162278,68227.444070,65257
25308958,1772051769,0.02085655,1667.686047,1930162278,68747.975615,65333
25318958,0,0.02240808,1562.054627,1930162278,68031.784668,65228
25328958,0,0.02301177,1521.777428,1930162278,67686.690231,65178
25338958,0,0.02218611,1874.703742,2115556022,68349.610533,65275
25348958,0,0.02526798,1569.853501,2056024876,67778.400151,65191
25358958,0,0.02358632,1684.115608,2056024876,68114.125525,65240
25368958,0,0.02415559,1645.619460,2055947006,67796.441157,65194
25378958,0,0.01827924,1064.158947,1441643807,67068.381526,65086
25388958,0,0.01578264,1231.485615,1441643807,66976.629132,65072
25398958,0,0.01759406,1109.228078,1441643807,67200.149019,65105
25408958,1772151769,0.01811581,1074.267136,1441643807,67084.517421,65088
25418958,0,0.01715339,1138.417051,1441643807,66940.322145,65067
25428958,0,0.01720224,1134.777241,1441643807,67507.767487,65151
25438958,0,0.01706542,1144.016039,1441643807,67546.190763,65157
25448958,0,0.01667094,1168.443265,1441643807,66359.354008,64979
25458958,0,0.01638391,1286.963853,1505124934,66039.509438,64931
25468958,0,0.01717947,1234.811897,1505124934,65323.685175,64822
25478958,0,0.01764073,1204.816374,1505094695,65099.794346,64788
25488958,0,0.01948452,1084.900634,1505094695,64933.793085,64762
25498958,0,0.01588435,1320.036870,1505094695,65683.138898,64877
25508958,1772251769,0.01798060,1182.419368,1505094695,65575.429177,64861
25518958,0,0.02698902,601.957222,1505094695,63315.351984,64510
25528958,0,0.01793249,1177.939883,1505094695,63568.795750,64550
25538958,0,0.01787352,1181.298550,1505094695,63924.709191,64606
25548958,0,0.01959657,1069.661537,1505094695,64217.400293,64651
25558958,0,0.01707348,1443.051211,1640167886,65231.055913,64808
25568958,0,0.01841151,1354.157914,1640167886,66813.814244,65048
25578958,0,0.01714805,1437.785465,1640167886,66658.084315,65024
25588958,0,0.01501266,1580.720432,1640167886,67474.456051,65146
25598958,0,0.01897880,1314.970589,1640167886,67052.899688,65083
25608958,1772351769,0.01945170,1283.292500,1640167886,66922.583007,65064
25618958,0,0.01821153,1364.891906,1640167886,66284.085285,64968
25628958,0,0.01861453,1338.382373,1640167886,66147.278668,64947
25638958,0,0.01593035,1516.733650,1640167886,66744.722146,65037
25648958,0,0.01890669,1319.066445,1640167886,66082.735116,64938
25658958,0,0.02200694,1115.248669,1640167886,65403.604663,64834
25668958,0,0.02010966,1239.729815,1640167886,65817.964761,64898
25678958,0,0.01732214,1424.055819,1640167886,66433.933490,64991
25688958,0,0.01784718,1389.205906,1640167886,66317.254372,64973
25698958,0,0.01929156,1293.649601,1640167886,65997.853552,64925
25708958,1772451769,0.01853310,1347.885665,1640167886,66021.794775,64928
25718958,0,0.02082764,1197.102118,1640167886,65407.875554,64835
25728958,0,0.00676497,2143.954816,1640167886,69310.547942,65415
25738958,0,0.00865445,2013.509351,1640167886,68766.170498,65336
25748958,0,0.01904242,1303.246588,1640167886,69038.937418,65375
25758958,0,0.01784100,1385.831700,1640167886,68686.350221,65324
25768958,0,0.01834663,1351.011985,1640167886,68127.872245,65242
25778958,0,0.01834007,1351.426139,1640167886,67805.928618,65195
25788958,0,0.02044947,1252.379452,1668338827,66370.587434,64981
25798958,0,0.01892339,1353.300892,1668338827,67131.054099,65095
25808958,1772551769,0.01954304,1312.289151,1668338827,66572.982949,65012
25818958,0,0.01494249,1621.442758,1668338827,67831.385640,65199
25828958,0,0.01971909,1296.496350,1668338827,67867.151484,65204
25838958,0,0.01864012,1370.165443,1668338827,68128.758102,65243
25848958,0,0.01934875,1322.287382,1668338827,67780.021863,65191
25858958,0,0.01813197,1403.918235,1668338827,67513.957856,65152
25868958,0,0.01489617,1626.156299,1668338827,69276.934020,65410
25878958,0,0.01850298,1368.856613,1668338827,71009.820533,65657
25888958,0,0.01715625,1472.643355,1673377627,71060.505985,65664
25898958,0,0.01825953,1393.492962,1673377627,72522.517849,65868
25908958,1772651769,0.01501732,1630.014522,1673377627,73381.404753,65985
25918958,0,0.01730447,1461.519820,1673377627,72995.415200,65933
25928958,0,0.01739646,1454.753103,1673377627,72566.361479,65874
25938958,0,0.01998131,1268.053013,1673377627,72124.763931,65813
25948958,0,0.01732553,1459.601655,1673377627,72112.735724,65811
25958958,0,0.01877515,1354.957879,1673377627,72190.882346,65822
25968958,0,0.02015614,1254.497207,1673377627,72515.080002,65867
25978958,0,0.01909784,1331.936345,1673377627,71840.449946,65773
25988958,0,0.01870956,1357.363804,1673377627,70737.492656,65618
25998958,0,0.01931062,1314.244403,1673377627,70793.460325,65626
26008958,1772751769,0.01872219,1356.338974,1673377627,70928.020667,65645
26018958,0,0.01608969,1541.637198,1673377627,70835.327694,65632
26028958,0,0.01848734,1370.914860,1673377627,70622.867614,65602
26038958,0,0.01922293,1319.037569,1673377627,70428.175178,65575
26048958,0,0.01990367,1328.727200,1709210689,70350.271219,65563
26058958,0,0.01796299,1463.411663,1709210689,69733.553128,65475
26068958,0,0.01854620,1420.826331,1709210689,68576.589040,65308
26078958,0,0.01768016,1479.281548,1709210689,68067.288699,65234
26088958,0,0.01851545,1422.308725,1709210689,67896.724090,65208
26098958,0,0.01935166,1365.324280,1709210689,67899.406574,65209
26108958,1772851769,0.01862879,1414.527323,1709210689,67935.868433,65214
26118958,0,0.01983434,1332.671258,1709210689,67745.250275,65186
26128958,0,0.01763750,1481.474701,1709210689,67735.052281,65185
26138958,0,0.01835379,1432.945972,1709210689,67690.484902,65178
26148958,0,0.01866671,1411.762689,1709210689,67695.121197,65179
26158958,0,0.01924431,1372.737711,1709210689,67538.315019,65156
26168958,0,0.01985922,1331.259180,1709210689,67104.895896,65091
26178958,0,0.01865096,1412.410981,1709210689,67166.896235,65100
26188958,0,0.01958784,1349.536568,1709210689,67046.966110,65083
26198958,0,0.01921497,1374.610752,1709210689,66858.908753,65054
26208958,1772951769,0.01905787,1385.296551,1709210689,66926.435700,65065
26218958,0,0.01745975,1492.918562,1709210689,67562.003566,65159
26228958,0,0.02171939,1205.324517,1709210689,67205.690056,65106
26238958,0,0.01903524,1385.129577,1709210689,66996.895409,65075
26248958,0,0.01931876,1437.635192,1755081183,66824.882918,65049
26258958,0,0.02003211,1389.812415,1755081183,66848.322580,65053
26268958,0,0.01825258,1505.112974,1755081183,66093.715418,64939
26278958,0,0.02215621,1247.585786,1755081183,66008.692216,64926
26288958,0,0.01940280,1430.134863,1755081183,67233.829233,65110
26298958,0,0.01957628,1418.656053,1755081183,67123.756705,65094
26308958,1773051769,0.02195219,1256.513018,1755081183,67696.929453,65179
26318958,0,0.01881488,1467.578161,1755081183,68021.532508,65227
26328958,0,0.01905523,1450.626249,1755081183,68682.460300,65324
26338958,0,0.01924906,1437.274400,1755081183,68270.379200,65263
26348958,0,0.01772517,1541.646312,1755081183,68660.865609,65320
26358958,0,0.01928531,1434.867191,1755081183,68224.470641,65257
26368958,0,0.01307641,1863.900720,1755081183,69986.320387,65512
26378958,0,0.01778743,1532.957770,1755081183,69671.887410,65467
26388958,0,0.01521661,1713.134251,1755081183,70500.657188,65585
26398958,0,0.01936149,1420.673200,1755081183,70378.119737,65567
26408958,1773151769,0.02422282,1080.935364,1755081183,69286.612796,65411
26418958,0,0.01302158,1861.847907,1755081183,70955.660645,65649
26428958,0,0.01931800,1419.567866,1755081183,69728.931163,65475
26438958,0,0.02105064,1299.175348,1755081183,69351.127203,65420
26448958,0,0.01957472,1401.598165,1755081183,69675.294689,65467
26458958,0,0.01935326,1416.855261,1755081183,69320.043296,65416
26468958,0,0.01900573,1441.166267,1755081183,69466.077631,65437
26478958,0,0.01969978,1393.098663,1755081183,69250.150714,65406
26488958,0,0.01997765,1374.123311,1755081183,68978.253734,65367
26498958,0,0.01925953,1422.619039,1755081183,70002.191040,65514
26508958,1773251769,0.01852800,1474.446403,1755081183,70376.609583,65567
26518958,0,0.01920352,1426.963731,1755081183,70206.019318,65543
26528958,0,0.01891996,1447.198730,1755081183,70085.339631,65526
26538958,0,0.02135284,1277.477643,1755081183,69529.407830,65446
26548958,0,0.01895313,1443.201907,1755081183,69119.687865,65387
26558958,0,0.01818125,1496.812976,1755081183,69483.223311,65439
26568958,0,0.01832678,1486.951608,1755081183,69836.706323,65490
26578958,0,0.02110389,1292.383561,1755081183,69765.397534,65480
26588958,0,0.02061931,1325.723994,1755081183,69653.175825,65464
26598958,0,0.02056319,1329.752147,1755081183,69619.257500,65459
26608958,1773351769,0.01979748,1381.715138,1755081183,70012.569462,65515
26618958,0,0.01459268,1749.140089,1755081183,71137.332459,65675
26628958,0,0.01884358,1445.794561,1755081183,70937.601120,65647
26638958,0,0.01842027,1475.880392,1755081183,71219.831572,65686
26648958,0,0.01792440,1511.546184,1755081183,71476.950134,65722
26658958,0,0.01650736,1613.396990,1755081183,71996.730285,65795
26668958,0,0.01795140,1507.994890,1755081183,73223.281055,65964
26678958,0,0.02095864,1290.046435,1755081183,71679.411897,65751
26688958,0,0.01854675,1462.173915,1755081183,70859.670613,65636
26698958,0,0.01836463,1474.551241,1755081183,70462.295411,65579
26708958,1773451769,0.01973663,1377.704988,1755081183,70454.579383,65578
26718958,0,0.01891440,1435.401455,1755081183,70817.117393,65630
26728958,0,0.01820214,1485.426081,1755081183,70359.723473,65565
26738958,0,0.01921065,1414.625720,1755081183,70165.450220,65537
26748958,0,0.01796395,1502.154648,1755081183,70367.590345,65566
26758958,0,0.02005386,1354.648243,1755081183,70376.220196,65567
26768958,0,0.01946352,1395.922117,1755081183,70305.730705,65557
26778958,0,0.01842475,1469.072271,1755081183,70529.901447,65589
26788958,0,0.01739121,1542.193766,1755081183,70852.256135,65635
26798958,0,0.01812761,1490.255090,1755081183,70942.501609,65647
26808958,1773551769,0.01727000,1551.213209,1755081183,71216.917396,65686
26818958,0,0.01871789,1448.127091,1755081183,71159.699044,65678
26828958,0,0.01833551,1475.336877,1755081183,71500.396011,65726
26838958,0,0.02007782,1351.022072,1755081183,71131.774868,65674
26848958,0,0.01890685,1434.532951,1755081183,71098.787792,65669
26858958,0,0.02025990,1337.844740,1755081183,71120.910392,65672
26868958,0,0.01630773,1619.499921,1755081183,71729.909337,65758
26878958,0,0.01929271,1402.380566,1755081183,72178.840928,65820
26888958,0,0.01819566,1481.541455,1755081183,72482.510578,65862
26898958,0,0.01858399,1450.937957,1755081183,73360.240667,65982
26908958,1773651769,0.01996844,1349.847019,1755081183,72838.676528,65911
26918958,0,0.01829025,1472.555246,1755081183,73255.734881,65968
26928958,0,0.01890777,1427.243843,1755081183,73117.420143,65949
26938958,0,0.01714886,1555.659953,1755081183,73461.646932,65996
26948958,0,0.01951117,1381.986333,1755081183,73581.483762,66013
26958958,0,0.01846996,1457.685214,1755081183,74294.607233,66109
26968958,0,0.01621750,1626.365447,1755081183,75227.411382,66234
26978958,0,0.01857074,1448.498169,1755081183,74043.586249,66075
26988958,0,0.01682971,1576.733583,1755081183,73959.717152,66064
26998958,0,0.01970939,1364.082836,1755081183,73550.215490,66008
27008958,1773751769,0.02028046,1321.572029,1755081183,73452.774566,65995
27018958,0,0.01896369,1417.130141,1755081183,73541.062231,66007
27028958,0,0.01669249,1585.134209,1755081183,74202.896225,66097
27038958,0,0.01840560,1457.979633,1755081183,74151.727397,66090
27048958,0,0.01932141,1390.155669,1755081183,73623.825642,66018
27058958,0,0.01761311,1516.140751,1755081183,73997.934518,66069
27068958,0,0.01806494,1482.838616,1755081183,73764.419287,66037
27078958,0,0.01824996,1469.293967,1755081183,73663.837580,66024
27088958,0,0.01941412,1383.322405,1755081183,73615.342691,66017
27098958,0,0.01801578,1364.205517,1680544240,72114.452728,65811
27108958,1773851769,0.01812181,1356.522428,1680544240,71033.929693,65660
27118958,0,0.01816184,1353.612538,1680544240,71204.338516,65684
27128958,0,0.01820677,1350.128498,1680544240,71019.513634,65658
27138958,0,0.01895065,1297.182826,1680544240,70985.216965,65653
27148958,0,0.01774135,1383.336571,1680544240,71222.873354,65687
27158958,0,0.01820925,1349.950742,1680544240,70775.120069,65624
27168958,0,0.01784933,1374.946084,1680544240,70174.612332,65538
27178958,0,0.01918903,1280.923055,1680544240,70152.440479,65535
27188958,0,0.02059632,1183.371209,1680544240,69373.758013,65424
27198958,0,0.01747327,1398.960288,1680544240,69700.524761,65471
27208958,1773951769,0.01755541,1392.915410,1680544240,70452.918023,65578
27218958,0,0.01844673,1330.187598,1680544240,70319.587243,65559
27228958,0,0.01784509,1371.824027,1680544240,70523.212863,65588
27238958,0,0.01812968,1351.556265,1680544240,70626.106852,65603
27248958,0,0.01781621,1373.789886,1680544240,70474.355467,65581
27258958,0,0.01828155,1341.019633,1680544240,70345.667958,65563
27268958,0,0.01854211,1322.776192,1680544240,70336.579869,65562
27278958,0,0.01752146,1394.457703,1680544240,69942.972394,65505
27288958,0,0.01912397,1282.539357,1680544240,69727.202738,65475
27298958,0,0.01667114,1454.457890,1680544240,70425.276798,65574
27308958,1774051769,0.01723424,1414.181965,1680544240,70543.795022,65591
27318958,0,0.01751875,1394.075432,1680544240,70729.809837,65617
27328958,0,0.01759539,1388.728568,1680544240,70722.399675,65616
27338958,0,0.01785124,1370.416680,1680544240,70552.835379,65592
27348958,0,0.01827214,1340.718751,1680544240,70572.158088,65595
27358958,0,0.01763913,1385.347209,1680544240,70653.422726,65606
27368958,0,0.01819952,1345.807759,1680544240,70355.309055,65564
27378958,0,0.01823368,1343.437734,1680544240,70375.300569,65567
27388958,0,0.01852653,1322.840237,1680544240,70294.078928,65556
27398958,0,0.02308740,1005.095026,1680544240,69047.063357,65377
27408958,1774151769,0.01813788,1346.165653,1680544240,69379.003496,65424
27418958,0,0.01834912,1331.515954,1680544240,69323.805539,65417
27428958,0,0.01792115,1361.064501,1680544240,68737.333867,65332
27438958,0,0.01961239,1244.925204,1680544240,68390.109060,65281
27448958,0,0.01791894,1361.396092,1680544240,68824.556705,65344
27458958,0,0.01821261,1341.281127,1680544240,68805.998131,65342
27468958,0,0.01824345,1339.120576,1680544240,68433.273867,65287
27478958,0,0.01866742,1310.140053,1680544240,68276.565922,65264
27488958,0,0.01814763,1345.686152,1680544240,68063.938371,65233
27498958,0,0.01666206,1446.598639,1680544240,68512.464454,65299
27508958,1774251769,0.01742311,1391.044810,1680544240,68309.926522,65269
27518958,0,0.01875597,1299.827895,1680544240,68424.637040,65286
27522192,1774265003,0.01938039,1239.014022,1680544240,70593.842087,65598
