block,amount0,amount1,totalSupply,price,share_price_usd,vault_value_usd
19208958,137619,0,59815574,86658.90,1.9937803156e-06,119.26
19218958,137619,0,59815574,86319.90,1.9859809198e-06,118.79
19238958,73772,55465460,59815574,87571.97,2.0073208849e-06,120.07
19248958,79578,50428431,59815574,86653.25,1.9958908593e-06,119.39
19258958,84156,46477981,59815574,85922.89,1.9858915895e-06,118.79
19268958,138413,1,59815574,86054.07,1.9912877214e-06,119.11
19278958,83703,46987750,59815574,85930.21,1.9880091772e-06,118.91
19288958,79174,50894719,59815574,86604.33,1.9971860315e-06,119.46
19298958,79393,50705257,59815574,86571.58,1.9967546940e-06,119.44
19308958,75834,53795627,59815574,87106.56,2.0036925180e-06,119.85
19318958,75280,54278792,59815574,87190.35,2.0047570086e-06,119.92
19328958,44943,81138561,59815574,88378.62,2.0205199928e-06,120.86
19338958,71060,58303015,59815574,86503.88,2.0023660102e-06,119.77
19348958,138532,0,59815574,85146.33,1.9719766613e-06,117.95
19358958,100244,32602957,59815574,85379.59,1.9759214450e-06,118.19
19368958,99100,33580156,59815574,85470.99,1.9774432946e-06,118.28
19378958,82552,47833799,59815574,86809.67,1.9977559985e-06,119.50
19388958,68746,59897528,59815574,87950.81,2.0121882454e-06,120.36
19398958,136957,1,59815574,87965.19,2.0140988756e-06,120.47
19408958,136957,1,59815574,87937.35,2.0134616395e-06,120.44
19418958,136957,1,59815574,88193.67,2.0193304082e-06,120.79
19428958,136956,0,59815574,87189.14,1.9963156054e-06,119.41
19438958,136956,0,59815574,87758.23,2.0093455219e-06,120.19
19448958,136956,0,59815574,87969.91,2.0141924188e-06,120.48
19458958,136956,0,59815574,88047.27,2.0159635066e-06,120.59
19468958,136956,0,59815574,88148.82,2.0182887905e-06,120.73
19478958,25772,97956545,59815574,88132.73,2.0173694670e-06,120.67
19488958,26030,97729330,59815574,88087.27,2.0171744504e-06,120.66
19498958,26447,97362185,59815574,88013.85,2.0168527889e-06,120.64
19508958,26558,97263788,59815574,87994.17,2.0167537083e-06,120.63
19518958,136920,1,59815574,88091.68,2.0164503512e-06,120.62
19528958,136919,0,59815574,88143.00,2.0176103217e-06,120.68
19538958,136919,0,59815574,87971.47,2.0136839795e-06,120.45
19548958,136919,0,59815574,87927.74,2.0126828705e-06,120.39
19558958,136918,0,59815574,87925.20,2.0126099819e-06,120.39
19568958,136918,0,59815574,88646.02,2.0291096951e-06,121.37
19578958,136918,0,59815574,88446.07,2.0245327949e-06,121.10
19588958,136918,0,59815574,87788.19,2.0094738178e-06,120.20
19598958,136917,0,59815574,87867.61,2.0112772289e-06,120.31
19608958,136916,0,59815574,88127.43,2.0172095947e-06,120.66
19618958,136915,0,59815574,88539.55,2.0266281953e-06,121.22
19628958,71822,57864099,59815574,88268.41,2.0272351357e-06,121.26
19638958,65687,63303230,59815574,88662.08,2.0319572689e-06,121.54
19648958,60564,67863327,59815574,89381.83,2.0395447413e-06,122.00
19658958,63559,65192597,59815574,89466.16,2.0405453489e-06,122.06
19668958,68519,60745375,59815574,89550.19,2.0413458057e-06,122.10
19678958,69943,59470144,59815574,89450.57,2.0401802929e-06,122.03
19688958,84633,46405376,59815574,88433.12,2.0270469623e-06,121.25
19698958,89171,42398798,59815574,88122.26,2.0225217816e-06,120.98
19708958,63980,64726122,59815574,88580.56,2.0295711438e-06,121.40
19718958,71294,58266515,59815574,88051.66,2.0235877969e-06,121.04
19728958,77836,52555060,59815574,87140.83,2.0125526614e-06,120.38
19738958,66326,62602309,59815574,87342.73,2.0150813166e-06,120.53
19748958,61552,66780167,59815574,87668.18,2.0185660178e-06,120.74
19758958,81989,48943529,59815574,86877.65,2.0090694765e-06,120.17
19768958,71283,58280511,59815574,87558.44,2.0177820960e-06,120.69
19778958,66802,62264893,59815574,87648.08,2.0198011342e-06,120.82
19788958,68557,60750790,59815574,87228.58,2.0153963521e-06,120.55
19798958,64657,64157752,59815574,87505.86,2.0184778836e-06,120.74
19808958,67128,62012174,59815574,87175.81,2.0150529798e-06,120.53
19818958,68872,60493969,59815574,86970.10,2.0127201811e-06,120.39
19838958,64138,64617232,59815574,87306.86,2.0164331215e-06,120.61
19848958,65466,63476505,59815574,86940.74,2.0127388688e-06,120.39
19858958,59088,69035831,59815574,87392.49,2.0174395651e-06,120.67
19868958,67017,62105044,59815574,87600.61,2.0197472989e-06,120.81
19878958,65316,63594530,59815574,87571.37,2.0194179639e-06,120.79
19888958,63797,64925957,59815574,87724.67,2.0210733456e-06,120.89
19898958,70025,59461461,59815574,87633.56,2.0199900229e-06,120.83
19908958,67990,61247486,59815574,87301.89,2.0162648329e-06,120.60
19918958,67122,62006031,59815574,87345.20,2.0167637118e-06,120.63
19928958,65573,63358056,59815574,87440.65,2.0177941120e-06,120.70
19938958,73629,56213375,59815574,87929.06,2.0221266036e-06,120.95
19948958,72517,57191663,59815574,88000.83,2.0230053792e-06,121.01
19958958,68937,60348695,59815574,87709.20,2.0197547385e-06,120.81
19968958,69615,59763424,59815574,87166.85,2.0135997694e-06,120.44
19978958,72353,57241419,59815574,88456.07,2.0269309597e-06,121.24
19988958,64675,64049619,59815574,88858.51,2.0315588390e-06,121.52
19998958,63717,64893952,59815574,88553.38,2.0281926888e-06,121.32
20008958,68497,60659045,59815574,88507.75,2.0276357919e-06,121.28
20018958,90955,40954345,59815574,86982.23,2.0073205745e-06,120.07
20028958,87821,43683403,59815574,87192.72,2.0104617198e-06,120.26
20038958,84159,46880890,59815574,87439.66,2.0140112062e-06,120.47
20048958,66534,62318426,59815574,87309.48,2.0130027475e-06,120.41
20058958,68083,60965318,59815574,87267.68,2.0125155791e-06,120.38
20068958,66474,62367985,59815574,87405.81,2.0140259924e-06,120.47
20078958,68399,60680487,59815574,87484.17,2.0148395461e-06,120.52
20088958,69137,60030022,59815574,87437.76,2.0142223761e-06,120.48
20098958,67154,61756550,59815574,87373.38,2.0133764455e-06,120.43
20108958,65737,62986317,59815574,87444.10,2.0140146588e-06,120.47
20118958,65290,63375190,59815574,87424.53,2.0137676138e-06,120.45
20128958,64998,63625598,59815574,87502.01,2.0145281026e-06,120.50
20138958,66357,62436326,59815574,87695.80,2.0166759245e-06,120.63
20148958,65635,63068939,59815574,87718.41,2.0169148181e-06,120.64
20158958,67119,61758625,59815574,87595.51,2.0153924472e-06,120.55
20168958,64705,63873341,59815574,87795.03,2.0175534216e-06,120.68
20178958,64538,64020248,59815574,87808.85,2.0177073421e-06,120.69
20188958,67012,61845590,59815574,87851.93,2.0181520771e-06,120.72
20198958,63616,64821735,59815574,87728.53,2.0167175386e-06,120.63
20208958,65623,63054885,59815574,87501.06,2.0141193290e-06,120.48
20218958,67933,61029938,59815574,87499.71,2.0140425865e-06,120.47
20228958,65949,62770753,59815574,87885.83,2.0183803174e-06,120.73
20238958,58925,68973625,59815574,89700.89,2.0367583797e-06,121.83
20248958,68525,60348782,59815574,89538.90,2.0346760456e-06,121.71
20258958,79995,50205344,59815574,87888.92,2.0147275616e-06,120.51
20268958,74233,55288294,59815574,87261.43,2.0072543318e-06,120.07
20278958,66219,62290507,59815574,87403.35,2.0089772660e-06,120.17
20288958,63290,64856417,59815574,87646.35,2.0116464864e-06,120.33
20298958,73256,56140482,59815574,87110.73,2.0054028037e-06,119.95
20308958,66951,61637258,59815574,87161.83,2.0060490042e-06,119.99
20318958,69093,59768058,59815574,87175.51,2.0061704113e-06,120.00
20328958,67606,61047445,59815574,87292.46,2.0072094971e-06,120.06
20338958,65302,63050912,59815574,87490.66,2.0092436133e-06,120.18
20348958,64932,63373194,59815574,87976.85,2.0144974296e-06,120.50
20358958,66342,62132676,59815574,87891.88,2.0135543331e-06,120.44
20368958,64679,63568636,59815574,88945.16,2.0245141041e-06,121.10
20378958,77368,52343539,59815574,87937.02,2.0124967924e-06,120.38
20388958,64345,63804181,59815574,88078.70,2.0141647070e-06,120.48
20398958,65322,62939058,59815574,88088.43,2.0141941497e-06,120.48
20408958,67481,61028200,59815574,88276.90,2.0161695325e-06,120.60
20418958,65654,62636507,59815574,88187.94,2.0151176625e-06,120.54
20428958,66073,62267413,59815574,88156.02,2.0147719956e-06,120.51
20438958,60093,67552985,59815574,88613.67,2.0196010427e-06,120.80
20448958,62171,65713279,59815574,88454.24,2.0179722328e-06,120.71
20458958,74853,54556267,59815574,87490.49,2.0069276115e-06,120.05
20468958,76427,53180055,59815574,87371.98,2.0054282185e-06,119.96
20478958,74234,55098706,59815574,87537.23,2.0075221966e-06,120.08
20488958,71808,57223960,59815574,87720.45,2.0097485284e-06,120.21
20498958,74920,54497684,59815574,87485.45,2.0068649983e-06,120.04
20508958,74281,55057574,59815574,87533.68,2.0074783585e-06,120.08
20518958,71301,57668938,59815574,87758.84,2.0102100379e-06,120.24
20528958,70498,58374228,59815574,87819.70,2.0109371357e-06,120.29
20538958,70568,58312491,59815574,87814.37,2.0108698753e-06,120.28
20548958,67478,61029316,59815574,88049.00,2.0135729004e-06,120.44
20558958,66419,61962721,59815574,88129.68,2.0144849423e-06,120.50
20568958,61430,66368569,59815574,88511.01,2.0185526316e-06,120.74
20578958,65200,63037747,59815574,88222.65,2.0155104473e-06,120.56
20588958,62959,65016067,59815574,88393.86,2.0173334797e-06,120.67
20598958,58801,68698137,59815574,88712.97,2.0205816730e-06,120.86
20608958,52617,74199435,59815574,89190.82,2.0250406380e-06,121.13
20618958,54316,72684990,59815574,89059.15,2.0238601309e-06,121.06
20628958,45119,80908605,59815574,89775.32,2.0298113420e-06,121.41
20638958,46038,80084104,59815574,89703.38,2.0292666295e-06,121.38
20648958,43374,82476610,59815574,89912.20,2.0308277251e-06,121.48
20658958,44004,81909887,59815574,89862.71,2.0304590731e-06,121.45
20668958,42846,82951193,59815574,89953.65,2.0311220616e-06,121.49
20678958,45228,80810649,59815574,89766.77,2.0297450246e-06,121.41
20688958,48845,77569287,59815574,89484.16,2.0275292315e-06,121.28
20698958,47830,78477758,59815574,89563.32,2.0281656990e-06,121.32
20708958,43283,82558529,59815574,89919.35,2.0308811452e-06,121.48
20718958,43878,82022828,59815574,89872.57,2.0305266235e-06,121.46
20728958,44151,81777841,59815574,89851.18,2.0303748569e-06,121.45
20738958,40385,85167683,59815574,90147.36,2.0324755698e-06,121.57
20748958,31977,92774783,59815574,90813.77,2.0364980662e-06,121.81
20758958,28524,95915316,59815574,91089.60,2.0378925791e-06,121.90
20768958,31306,93384018,59815574,90867.24,2.0367758573e-06,121.83
20778958,30942,93715627,59815574,90896.36,2.0369407117e-06,121.84
20788958,32573,92233549,59815574,90766.27,2.0362396961e-06,121.80
20798958,32757,92066625,59815574,90751.62,2.0361609287e-06,121.79
20808958,31687,93037874,59815574,90836.86,2.0366158972e-06,121.82
20818958,28156,96250589,59815574,91119.08,2.0380323668e-06,121.91
20828958,22725,101210831,59815574,91555.66,2.0398843865e-06,122.02
20838958,10373,112581686,59815574,92560.43,2.0426616634e-06,122.18
20848958,14303,108951080,59815574,92239.02,2.0420104590e-06,122.14
20858958,12726,110406442,59815574,92367.80,2.0422970102e-06,122.16
20868958,8785,114053336,59815574,92690.88,2.0428831704e-06,122.20
20878958,12120,110966251,59815574,92417.35,2.0423984292e-06,122.17
20888958,1975,120384203,59815574,93253.07,2.0433800579e-06,122.23
20898958,2,122226240,59815574,94007.61,2.0434163208e-06,122.23
20908958,2,122226240,59815574,93923.45,2.0434162927e-06,122.23
20918958,2,122226240,59815574,93640.50,2.0434161981e-06,122.23
20938958,60284,66025419,59815574,93605.42,2.0472011088e-06,122.45
20948958,63240,63263540,59815574,93304.82,2.0441082117e-06,122.27
20958958,61433,64954401,59815574,93674.67,2.0479877033e-06,122.50
20968958,63331,63183180,59815574,93569.48,2.0469864155e-06,122.44
20978958,73863,53405791,59815574,92059.74,2.0296365310e-06,121.40
20988958,58946,67076512,59815574,92443.27,2.0323824455e-06,121.57
20998958,62885,63415208,59815574,93345.37,2.0415325778e-06,122.12
21008958,67434,59161970,59815574,92456.10,2.0313909996e-06,121.51
21018958,68521,58119396,59815574,92634.48,2.0328061544e-06,121.59
21028958,64053,62257295,59815574,92732.81,2.0338422654e-06,121.66
21038958,65063,61282772,59815574,91767.84,2.0227120418e-06,120.99
21048958,64587,61708744,59815574,91860.48,2.0235311020e-06,121.04
21058958,70841,55983233,59815574,91341.94,2.0177149504e-06,120.69
21068958,66721,59755966,59815574,91157.64,2.0158171177e-06,120.58
21078958,63936,62294599,59815574,91141.85,2.0156464744e-06,120.57
21088958,71007,55840030,59815574,91169.12,2.0158042652e-06,120.58
21098958,68753,57904939,59815574,91051.08,2.0146139285e-06,120.51
21108958,71028,55839059,59815574,90881.67,2.0126947637e-06,120.39
21118958,62847,63214036,59815574,90406.83,2.0067017496e-06,120.03
21128958,66254,60133289,59815574,90132.95,2.0036582982e-06,119.85
21138958,62814,63225516,59815574,89839.26,2.0004346846e-06,119.66
21148958,61859,64080402,59815574,90767.36,2.0099812670e-06,120.23
21158958,70849,55917970,59815574,90983.60,2.0125016818e-06,120.38
21168958,63251,62779004,59815574,90923.27,2.0109960153e-06,120.29
21178958,60600,65185743,59815574,91023.78,2.0119535378e-06,120.35
21188958,62658,63305068,59815574,90946.82,2.0110235749e-06,120.29
21198958,63709,62347388,59815574,90881.49,2.0102971313e-06,120.25
21208958,59634,65908935,59815574,90150.03,2.0006329253e-06,119.67
21218958,70539,56065627,59815574,90128.50,2.0001709010e-06,119.64
21228958,63826,62139623,59815574,90088.89,2.0001439410e-06,119.64
21238958,61110,64492744,59815574,91197.64,2.0099050005e-06,120.22
21248958,65611,60373131,59815574,90175.01,1.9984404015e-06,119.54
21258958,65113,60823656,59815574,90442.18,2.0013729701e-06,119.71
21268958,62229,63427685,59815574,90442.20,2.0013008890e-06,119.71
21278958,68306,57933227,59815574,90273.72,1.9994056401e-06,119.60
21288958,63548,62227758,59815574,90378.88,2.0005112803e-06,119.66
21298958,63072,62653150,59815574,90500.68,2.0017151698e-06,119.73
21308958,65184,60737755,59815574,90485.89,2.0014867076e-06,119.72
21318958,62015,63599533,59815574,90458.51,2.0011072067e-06,119.70
21328958,66444,59589097,59815574,90362.84,1.9999771318e-06,119.63
21338958,66765,59293941,59815574,90344.59,1.9996883391e-06,119.61
21348958,66287,59726171,59815574,90377.47,2.0000591156e-06,119.63
21358958,62191,63419361,59815574,90378.24,1.9999221504e-06,119.63
21368958,64693,61154196,59815574,90498.54,2.0011580779e-06,119.70
21378958,65449,60470575,59815574,90440.47,2.0005317858e-06,119.66
21388958,63690,62059756,59815574,90575.58,2.0019425708e-06,119.75
21398958,62663,62990452,59815574,90682.77,2.0030736184e-06,119.81
21408958,60883,64607099,59815574,90876.78,2.0050900127e-06,119.94
21418958,67980,58165415,59815574,90516.65,2.0011282324e-06,119.70
21428958,63663,62060049,59815574,90516.60,2.0009108767e-06,119.69
21438958,61231,64274913,59815574,90971.36,2.0057918039e-06,119.98
21448958,66468,59476735,59815574,91702.81,2.0133512646e-06,120.43
21458958,64058,61685621,59815574,91635.29,2.0126088492e-06,120.39
21468958,61308,64099495,59815574,90605.92,2.0002845742e-06,119.65
21478958,63794,61850555,59815574,90562.91,1.9998847753e-06,119.62
21488958,61869,63588020,59815574,91024.60,2.0045620753e-06,119.90
21498958,57080,67957958,59815574,91455.91,2.0088579102e-06,120.16
21508958,69556,56556417,59815574,91268.11,2.0068161825e-06,120.04
21518958,68050,57930546,59815574,91052.97,2.0043624493e-06,119.89
21528958,63305,62249296,59815574,91128.80,2.0051363498e-06,119.94
21538958,57881,67208423,59815574,91837.74,2.0122690435e-06,120.37
21548958,64858,60799757,59815574,91803.01,2.0118732278e-06,120.34
21558958,64333,61281420,59815574,91842.16,2.0122892892e-06,120.37
21568958,63242,62291329,59815574,91943.07,2.0134883939e-06,120.44
21578958,65105,60498837,59815574,92860.49,2.0221432931e-06,120.96
21588958,63751,61757625,59815574,93270.16,2.0265338537e-06,121.22
21598958,66200,59430866,59815574,93851.99,2.0322613826e-06,121.56
21608958,62099,63274034,59815574,94980.30,2.0438799272e-06,122.26
21618958,61978,63389532,59815574,95092.80,2.0450551140e-06,122.33
21628958,64064,61408247,59815574,94581.42,2.0396174455e-06,122.00
21638958,62609,62789441,59815574,94741.94,2.0413817611e-06,122.11
21648958,63023,62398556,59815574,94673.69,2.0406851475e-06,122.06
21658958,57300,67821846,59815574,95480.09,2.0484955927e-06,122.53
21668958,61162,64070945,59815574,97065.98,2.0636504785e-06,123.44
21678958,58356,66799722,59815574,97068.07,2.0637562678e-06,123.44
21688958,67364,58071956,59815574,96607.48,2.0588387214e-06,123.15
21698958,65611,59769511,59815574,96151.56,2.0539050340e-06,122.86
21708958,59050,66026768,59815574,95874.75,2.0503156969e-06,122.64
21718958,60852,64300655,59815574,96009.76,2.0517151112e-06,122.72
21728958,54993,69947357,59815574,96572.84,2.0572511457e-06,123.06
21738958,57530,67479824,59815574,96457.86,2.0558531051e-06,122.97
21748958,79575,46280517,59815574,95490.05,2.0440616619e-06,122.27
21758958,64679,60608350,59815574,95889.01,2.0501082964e-06,122.63
21768958,59066,65902527,59815574,95080.35,2.0406506016e-06,122.06
21778958,64088,61118142,59815574,95398.65,2.0439029510e-06,122.26
21788958,65109,60147372,59815574,95263.27,2.0424836388e-06,122.17
21798958,60713,64329493,59815574,95093.68,2.0406678916e-06,122.06
21808958,62874,62256343,59815574,95467.90,2.0442975146e-06,122.28
21818958,67509,57838010,59815574,95201.64,2.0414029051e-06,122.11
21828958,66590,58713297,59815574,95254.36,2.0419961944e-06,122.14
21838958,117500,104861368,106170063,94684.02,2.0355557912e-06,216.12
21848958,111298,110713801,106170063,94728.59,2.0358358731e-06,216.14
21858958,109262,112639780,106170063,95120.50,2.0398437298e-06,216.57
21868958,108810,113068191,106170063,95173.37,2.0403711149e-06,216.63
21878958,107853,113977723,106170063,95087.48,2.0394865816e-06,216.53
21888958,107139,114649202,106170063,95049.99,2.0390381629e-06,216.48
21898958,108474,113380135,106170063,95006.96,2.0385970969e-06,216.44
21908958,105989,115742094,106170063,95087.06,2.0394064669e-06,216.52
21918958,111810,110196874,106170063,95202.77,2.0405290213e-06,216.64
21928958,111098,110874977,106170063,95231.10,2.0408278280e-06,216.67
21938958,111556,110440524,106170063,95192.79,2.0404413750e-06,216.63
21948958,109763,112141645,106170063,95068.65,2.0391044484e-06,216.49
21958958,119640,102754560,106170063,94912.27,2.0373690537e-06,216.31
21968958,118098,104202538,106170063,94944.44,2.0375802322e-06,216.33
21978958,111121,110818035,106170063,94948.97,2.0375449738e-06,216.33
21988958,110811,111112852,106170063,94962.00,2.0376854622e-06,216.34
21998958,107416,114336223,106170063,94973.82,2.0377995252e-06,216.35
22008958,111322,110625126,106170063,94914.47,2.0371638061e-06,216.29
22018958,106404,115305812,106170063,95258.19,2.0407290829e-06,216.66
22028958,111503,110443309,106170063,95205.12,2.0401218940e-06,216.60
22038958,132989,89691351,106170063,92342.24,2.0014716121e-06,212.50
22048958,110159,110885681,106170063,92473.49,2.0038940326e-06,212.75
22058958,120526,111201953,111114990,92563.42,2.0048145028e-06,222.76
22068958,99082,121144929,106170063,92916.20,2.0081758679e-06,213.21
22078958,108748,112159648,106170063,92977.27,2.0087637332e-06,213.27
22088958,111970,109162258,106170063,92783.95,2.0067092256e-06,213.05
22098958,554909,636866600,573915666,93138.54,2.0102269419e-06,1153.70
22108958,572625,620379233,573915666,92989.03,2.0087580016e-06,1152.86
22118958,594849,599742192,573915666,92893.79,2.0078210743e-06,1152.32
22128958,590433,603865130,573915666,92610.29,2.0049406868e-06,1150.67
22138958,610879,584996448,573915666,92383.30,2.0026402751e-06,1149.35
22148958,681794,519884119,573915666,90919.10,1.9859452826e-06,1139.77
22158958,601160,593298522,573915666,90910.27,1.9860317270e-06,1139.81
22168958,617009,578834369,573915666,91049.23,1.9874284700e-06,1140.62
22178958,746617,461665277,573915666,90000.99,1.9752518002e-06,1133.63
22188958,651842,547760257,573915666,89692.31,1.9731337822e-06,1132.41
22198958,625089,571897875,573915666,89619.64,1.9725900911e-06,1132.10
22208958,614443,581079734,573915666,88185.45,1.9566099050e-06,1122.93
22218958,614010,581278508,573915666,89183.07,1.9669640537e-06,1128.87
22228958,621164,574904148,573915666,89377.88,1.9690826089e-06,1130.09
22238958,682269,520180764,573915666,89150.38,1.9661880926e-06,1128.43
22248958,616193,579220994,573915666,89216.68,1.9671321367e-06,1128.97
22258958,653934,545632547,573915666,88779.27,1.9622923978e-06,1126.19
22268958,563126,628168496,574831086,89752.51,1.9720370739e-06,1133.59
22278958,625379,572392711,574831086,88396.71,1.9574570690e-06,1125.21
22288958,603734,591370263,574831086,89881.67,1.9727821263e-06,1134.02
22298958,633142,565030223,574831086,89566.50,1.9694713787e-06,1132.11
22308958,605314,589993958,574831086,89846.20,1.9724847864e-06,1133.85
22318958,610351,585521105,574831086,89756.50,1.9716241134e-06,1133.35
22328958,631509,566565416,574831086,89578.65,1.9697310228e-06,1132.26
22338958,617289,583852230,577127497,89718.99,1.9712762282e-06,1137.68
22348958,610076,590269607,577127497,89300.82,1.9667620982e-06,1135.07
22358958,607628,592628888,577127497,89047.27,1.9643927360e-06,1133.71
22368958,567979,628004143,577127497,89393.16,1.9679161334e-06,1135.74
22378958,642318,561698333,577127497,88996.31,1.9637561580e-06,1133.34
22388958,603972,595910319,577127497,89309.39,1.9671805825e-06,1135.31
22398958,604895,595073171,577127497,89574.64,1.9699384803e-06,1136.91
22408958,640242,563466282,577127497,89266.05,1.9666105209e-06,1134.99
22418958,641533,562324934,577127497,88738.62,1.9607668596e-06,1131.61
22428958,621590,580037191,577127497,88894.85,1.9624757388e-06,1132.60
22438958,620847,580733061,577127497,88916.43,1.9627691196e-06,1132.77
22448958,487430,700501486,577127497,90531.94,1.9783866142e-06,1141.78
22458958,700055,509190056,577127497,89189.02,1.9641452385e-06,1133.56
22468958,636588,565875116,577127497,89293.67,1.9654372848e-06,1134.31
22478958,602295,596477515,577127497,89319.21,1.9656707825e-06,1134.44
22488958,609721,589805188,577127497,89507.16,1.9675880221e-06,1135.55
22498958,625515,575678428,577127497,89382.07,1.9662495085e-06,1134.78
22508958,626811,574526769,577127497,89378.60,1.9662234789e-06,1134.76
22528958,630617,571145114,577127497,89090.85,1.9631141791e-06,1132.97
22538958,621242,579502463,577127497,89183.85,1.9641240524e-06,1133.55
22548958,614782,585272129,577127497,89232.59,1.9646578010e-06,1133.86
22558958,628258,573260892,577127497,89090.79,1.9631380184e-06,1132.98
22568958,649654,554214491,577127497,88948.79,1.9615663285e-06,1132.07
22578958,614797,585163003,577127497,88715.44,1.9589828090e-06,1130.58
22588958,613592,586121441,577127497,88234.30,1.9536758146e-06,1127.52
22598958,608899,590258196,577127497,88498.77,1.9564590986e-06,1129.13
22608958,601460,596843619,577127497,88562.80,1.9571298390e-06,1129.51
22618958,688981,519661462,577127497,87813.84,1.9487584954e-06,1124.68
22628958,854476,389726528,584181936,86473.96,1.9319765211e-06,1128.63
22638958,649388,567744892,584181936,86188.14,1.9299472895e-06,1127.44
22648958,601970,603899272,581844224,87296.09,1.9410616801e-06,1129.40
22658958,573939,628065890,581844224,87401.38,1.9415789692e-06,1129.70
22668958,597814,607204788,581844224,87601.88,1.9436492356e-06,1130.90
22678958,632878,576607281,581844224,87374.18,1.9413773950e-06,1129.58
22688958,641826,568764968,581844224,87481.67,1.9425217480e-06,1130.25
22698958,604300,601637605,581844224,87960.79,1.9475739992e-06,1133.18
22708958,627354,581056269,581844224,87613.94,1.9433136825e-06,1130.71
22718958,695626,521311313,581844224,87401.20,1.9408920224e-06,1129.30
22728958,577809,624683354,581844224,88106.73,1.9485833439e-06,1133.77
22738958,620907,586749118,581844224,88199.68,1.9496405901e-06,1134.39
22748958,617234,590002926,581844224,88078.24,1.9483768063e-06,1133.65
22758958,640224,569759308,581844224,88001.65,1.9475436231e-06,1133.17
22768958,624097,583864159,581844224,87590.67,1.9429855105e-06,1130.51
22778958,625980,582144324,581844224,87687.66,1.9439078010e-06,1131.05
22788958,619930,587548953,581844224,88170.75,1.9492260376e-06,1134.15
22798958,589765,613822866,581844224,87989.41,1.9468331668e-06,1132.75
22808958,577598,624464716,581844224,88797.07,1.9547410777e-06,1137.35
22818958,653812,556676520,581844224,88944.72,1.9562070263e-06,1138.21
22828958,637858,570920803,581844224,88736.14,1.9540133267e-06,1136.93
22838958,605243,599894749,581844224,88833.76,1.9550849034e-06,1137.55
22848958,654656,556004931,581844224,88627.98,1.9527792663e-06,1136.21
22858958,567326,633793291,581844224,89523.49,1.9621803520e-06,1141.68
22868958,683767,529369717,581844224,89221.40,1.9583183555e-06,1139.44
22878958,598314,605335825,581844224,89064.68,1.9562319565e-06,1138.22
22888958,615775,589677156,581844224,89227.71,1.9577733066e-06,1139.12
22898958,637845,570202811,581844224,89048.59,1.9561846853e-06,1138.19
22908958,657963,552170222,581844224,88360.96,1.9482064625e-06,1133.55
22918958,615015,589792447,581844224,87910.53,1.9428832570e-06,1130.46
22928958,631377,575371365,581844224,88064.60,1.9444912227e-06,1131.39
22938958,627634,578655346,581844224,87849.14,1.9421460236e-06,1130.03
22948958,599424,603457219,581844224,87886.55,1.9425650652e-06,1130.27
22958958,899330,342804134,581844224,85788.07,1.9151551444e-06,1114.32
22968958,750891,469442285,581844224,84034.70,1.8913159792e-06,1100.45
22978958,589755,604773873,581844224,84199.55,1.8928518795e-06,1101.34
22988958,610425,587401305,581844224,84424.34,1.8952642717e-06,1102.75
22998958,699211,510634896,581844224,82066.31,1.8638176726e-06,1084.45
23008958,624173,572423011,581844224,82619.98,1.8701132906e-06,1088.11
23018958,633769,564757722,581844224,82339.57,1.8675108666e-06,1086.60
23028958,640964,558835780,581844224,82278.72,1.8668445883e-06,1086.21
23038958,630760,567235788,581844224,82365.04,1.8677878044e-06,1086.76
23048958,548245,635558889,581844224,82845.38,1.8729318064e-06,1089.75
23058958,359285,792176696,581844224,83669.65,1.8781473776e-06,1092.79
23068958,629930,565988547,581844224,83673.79,1.8786382919e-06,1093.07
23078958,654634,545285860,581844224,83839.21,1.8804445878e-06,1094.13
23088958,609587,583007735,581844224,83758.15,1.8795177412e-06,1093.59
23098958,675790,527637555,581844224,83459.18,1.8761831665e-06,1091.65
23108958,643937,553896346,581844224,82738.67,1.8676497987e-06,1086.68
23118958,649599,549224316,581844224,82670.86,1.8669144400e-06,1086.25
23128958,832625,399331575,581844224,81130.75,1.8473096966e-06,1074.85
23138958,698112,506589457,581844224,78762.30,1.8156725014e-06,1056.44
23148958,726458,484697776,581844224,77112.47,1.7958200209e-06,1044.89
23158958,565328,610009437,581844224,78434.57,1.8104881099e-06,1053.42
23168958,660801,535399862,581844224,78159.02,1.8078300273e-06,1051.88
23178958,621597,566176143,581844224,78631.55,1.8131098354e-06,1054.95
23188958,597724,584504765,581844224,78283.36,1.8087713651e-06,1052.42
23198958,582432,596664276,581844224,78717.65,1.8134425136e-06,1055.14
23208958,633313,556739508,581844224,78330.49,1.8094477021e-06,1052.82
23218958,652419,541124323,581844224,77036.05,1.7938171212e-06,1043.72
23228958,690231,511512661,581844224,77669.49,1.8005017725e-06,1047.61
23238958,624245,562271592,581844224,76868.96,1.7910673726e-06,1042.12
23248958,576309,599651121,581844224,77550.73,1.7987339631e-06,1046.58
23258958,760678,457665877,581844224,76276.18,1.7837798036e-06,1037.88
23268958,718979,488450581,581844224,75435.12,1.7716309789e-06,1030.81
23278958,626590,558028364,581844224,76668.56,1.7847145902e-06,1038.43
23288958,672182,522556770,581844224,77340.77,1.7915921303e-06,1042.43
23298958,684952,512631414,581844224,77496.74,1.7933440738e-06,1043.45
23308958,645204,543519906,581844224,78368.37,1.8031557998e-06,1049.16
23318958,695245,504373276,581844224,78092.53,1.7999795354e-06,1047.31
23328958,604921,574746360,581844224,78255.74,1.8013957969e-06,1048.13
23338958,626937,557497276,581844224,78360.76,1.8024925600e-06,1048.77
23348958,678911,516914115,581844224,78237.64,1.8013035159e-06,1048.08
23358958,648923,540452677,581844224,78149.46,1.8004518248e-06,1047.58
23368958,655684,535240886,581844224,77997.72,1.7988654496e-06,1046.66
23378958,653871,536698680,581844224,77924.82,1.7981213236e-06,1046.23
23388958,688544,509775701,581844224,76971.48,1.7870044632e-06,1039.76
23398958,885045,361231319,581844224,75043.60,1.7623289547e-06,1025.40
23408958,516209,636874654,581844224,76014.49,1.7689756807e-06,1029.27
23418958,623485,554012115,581844224,75560.90,1.7618512601e-06,1025.12
23428958,628267,550463957,581844224,76126.40,1.7680694514e-06,1028.74
23438958,710865,487493505,581844224,76199.96,1.7688107512e-06,1029.17
23448958,668916,519440193,581844224,76230.47,1.7691299212e-06,1029.36
23458958,635130,545171892,581844224,75987.08,1.7664326902e-06,1027.79
23468958,677024,513512070,581844224,75514.54,1.7612336468e-06,1024.76
23478958,753480,456617837,581844224,73822.60,1.7407689539e-06,1012.86
23488958,642377,539035006,581844224,73502.14,1.7379150896e-06,1011.20
23498958,721246,481695712,581844224,72521.54,1.7268443467e-06,1004.75
23508958,717106,484781011,581844224,72852.45,1.7310652290e-06,1007.21
23518958,788922,433580143,581844224,71489.01,1.7145012380e-06,997.57
23528958,660511,525557223,581844224,70554.38,1.7041961226e-06,991.58
23538958,686734,507164017,581844224,71001.75,1.7096623922e-06,994.76
23548958,759867,455406023,581844224,70489.69,1.7032632594e-06,991.03
23558958,612908,558094882,581844224,69918.12,1.6956920282e-06,986.63
23568958,778542,443327106,581844224,67797.07,1.6690992447e-06,971.16
23578958,774159,446403941,581844224,65373.10,1.6370286108e-06,952.50
23588958,585556,563742147,581844224,63756.81,1.6105238099e-06,937.07
23598958,528574,601831376,581844224,64354.92,1.6189810237e-06,941.99
23608958,626015,538884910,581844224,64693.74,1.6222166945e-06,943.88
23618958,726935,469879470,581844224,64439.97,1.6126587771e-06,938.32
23628958,534677,595204034,581844224,65730.76,1.6269840628e-06,946.65
23638958,714898,477273749,581844224,65985.55,1.6310260922e-06,949.00
23648958,417809,675976065,581844224,67792.88,1.6485869699e-06,959.22
23658958,696626,483123509,581844224,69610.45,1.6637580130e-06,968.05
23668958,689330,488389600,581844224,69857.21,1.6670033728e-06,969.94
23678958,644093,520209039,581844224,70420.51,1.6736139781e-06,973.78
23688958,598589,551763580,581844224,70191.88,1.6704203897e-06,971.92
23698958,661242,507498196,581844224,70788.49,1.6767055096e-06,975.58
23708958,729402,458448660,581844224,67987.29,1.6402144770e-06,954.35
23718958,679707,492465335,581844224,67919.76,1.6398214933e-06,954.12
23728958,767304,430780806,581844224,68758.30,1.6471178656e-06,958.37
23738958,637545,519948209,581844224,69114.41,1.6509292891e-06,960.58
23748958,710554,469909237,581844224,69096.67,1.6514358743e-06,960.88
23758958,693751,481565315,581844224,69181.60,1.6525270726e-06,961.51
23768958,645681,514695623,581844224,68843.56,1.6485605586e-06,959.21
23778958,675808,493865748,581844224,69133.25,1.6517716344e-06,961.07
23788958,653726,509139649,581844224,69143.68,1.6519024311e-06,961.15
23798958,672436,495635140,581844224,70188.54,1.6630020870e-06,967.61
23808958,485873,637864810,588493629,70661.39,1.6672898355e-06,981.19
23818958,661337,514099952,588493629,70883.50,1.6701604333e-06,982.88
23828958,663126,512817287,588493629,70327.84,1.6638743899e-06,979.18
23838958,680722,500280316,588493629,70784.88,1.6688856223e-06,982.13
23848958,628452,537246750,588493629,70796.55,1.6689544920e-06,982.17
23858958,698318,488430832,588493629,69833.96,1.6586313431e-06,976.09
23868958,680104,501130793,588493629,70783.70,1.6695737908e-06,982.53
23878958,652642,520550129,588493629,70450.04,1.6658407447e-06,980.34
23888958,687868,495697825,588493629,69286.64,1.6521818016e-06,972.30
23898958,678314,502004002,588493629,68809.04,1.6461442149e-06,968.75
23908958,619720,542635530,588493629,69259.22,1.6514176375e-06,971.85
23918958,579393,570914920,588493629,69966.48,1.6589742809e-06,976.30
23928958,670421,507418891,588493629,70215.92,1.6621440152e-06,978.16
23938958,711137,478951810,588493629,69913.38,1.6586955409e-06,976.13
23948958,660269,514551017,588493629,69871.97,1.6582914409e-06,975.89
23958958,717666,474321227,588493629,69296.93,1.6510658392e-06,971.64
23968958,669706,507173951,588493629,68673.92,1.6433267662e-06,967.09
23978958,690992,492598393,588493629,68683.51,1.6435112989e-06,967.20
23988958,659208,514396249,588493629,68724.14,1.6439112022e-06,967.43
23998958,508222,617333052,588493629,69342.61,1.6478469808e-06,969.75
24008958,666435,506285203,588209201,68551.96,1.6374097082e-06,963.14
24018958,678573,497971336,588209201,68430.93,1.6360253617e-06,962.33
24028958,657366,512657128,588209201,69012.71,1.6428223625e-06,966.32
24038958,738320,457098241,588209201,68248.38,1.6337549336e-06,960.99
24048958,1636157,1034127395,1315859079,66894.37,1.6176689068e-06,2128.62
24058958,1571596,1077248842,1315859079,66626.85,1.6144234169e-06,2124.35
24068958,1425162,1175055450,1315859079,67035.39,1.6190323531e-06,2130.42
24078958,1603891,1054699691,1315859079,66712.28,1.6146804726e-06,2124.69
24088958,1668493,1011689568,1315859079,66443.84,1.6113430955e-06,2120.30
24098958,1680095,1002514823,1315859079,67082.05,1.6183777118e-06,2129.56
24108958,1592704,1061614927,1315859079,67132.60,1.6193516443e-06,2130.84
24118958,1525229,1107044449,1315859079,67420.69,1.6227910639e-06,2135.36
24128958,1530509,1103608800,1315859079,67013.39,1.6181480588e-06,2129.25
24138958,1580303,1070342910,1315859079,66988.17,1.6179232539e-06,2128.96
24148958,1445882,1160607669,1315859079,67301.00,1.6215267958e-06,2133.70
24158958,1540744,1096495626,1315859079,67535.99,1.6240738592e-06,2137.05
24168958,1768017,943682614,1315859079,66984.42,1.6171781235e-06,2127.98
24178958,1482435,1131457625,1315859079,65319.46,1.5957455132e-06,2099.78
24188958,1655761,1017102601,1315859079,65408.06,1.5959943593e-06,2100.10
24198958,1395225,1188579240,1315859079,66228.20,1.6054998865e-06,2112.61
24208958,1464190,1143562379,1315859079,66501.40,1.6090395277e-06,2117.27
24218958,1623392,1037835403,1315859079,66261.91,1.6061947075e-06,2113.53
24228958,1485283,1129084259,1315859079,66253.60,1.6058997528e-06,2113.14
24238958,1543554,1090261512,1315859079,66681.96,1.6107603594e-06,2119.53
24248958,1581667,1064685436,1315859079,66974.93,1.6141590765e-06,2124.01
24258958,1341959,1227629525,1315859079,68791.17,1.6345054743e-06,2150.78
24268958,1562877,1076175512,1315859079,68597.79,1.6326022932e-06,2148.27
24278958,1492498,1124539443,1315859079,68466.07,1.6311733188e-06,2146.39
24288958,1493187,1124029770,1315859079,68651.43,1.6332478278e-06,2149.12
24298958,1437811,1162011582,1315859079,68669.79,1.6334221400e-06,2149.35
24308958,1517081,1107669706,1315859079,68552.21,1.6321370135e-06,2147.66
24318958,1315369,1246632558,1315859079,69232.49,1.6394576768e-06,2157.30
24328958,1093310,1401211528,1315859079,69993.16,1.6464177486e-06,2166.45
24338958,1513457,1110213316,1315859079,69347.69,1.6413314152e-06,2159.76
24348958,1559099,1078278927,1315859079,69406.22,1.6418100689e-06,2160.39
24358958,1488337,1127613837,1315859079,69602.38,1.6441972313e-06,2163.53
24368958,1536535,1094145499,1315859079,69468.72,1.6426961598e-06,2161.56
24378958,1556348,1080498030,1315859079,69213.31,1.6397637436e-06,2157.70
24388958,1499838,1118958225,1315859079,69823.36,1.6462215004e-06,2166.20
24398958,1489083,1126502256,1315859079,70349.75,1.6522046023e-06,2174.07
24408958,1555376,1079923911,1315859079,70023.95,1.6483981452e-06,2169.06
24418958,1787027,919028739,1315859079,69118.22,1.6370978112e-06,2154.19
24428958,1633283,1024248057,1315859079,68576.24,1.6295758392e-06,2144.29
24438958,1785890,919956428,1315859079,68104.46,1.6234467024e-06,2136.23
24448958,1691114,984641498,1315859079,68396.88,1.6273100698e-06,2141.31
24458958,1674993,995671380,1315859079,68446.81,1.6279483432e-06,2142.15
24468958,1788458,918207626,1315859079,68096.56,1.6233394584e-06,2136.09
24478958,1770810,930229965,1315859079,68150.86,1.6240737325e-06,2137.05
24488958,1679056,992890538,1315859079,68434.22,1.6277878209e-06,2141.94
24498958,1689814,985530357,1315859079,68400.90,1.6273615004e-06,2141.38
24508958,1719609,965164282,1315859079,68308.76,1.6261679973e-06,2139.81
24518958,1960795,801306930,1315859079,67569.70,1.6158342559e-06,2126.21
24528958,1903634,839979662,1315859079,67743.77,1.6183898749e-06,2129.57
24538958,1393170,1188100330,1315859079,68339.68,1.6264570465e-06,2140.19
24548958,1502794,1113040662,1315859079,68622.10,1.6295738118e-06,2144.29
24558958,1720597,963632418,1315859079,68290.88,1.6252829061e-06,2138.64
24568958,1505452,1110329911,1315859079,68136.05,1.6233391050e-06,2136.09
24578958,1482222,1125929001,1315859079,67867.35,1.6201383569e-06,2131.87
24588958,1372994,1199884583,1315859079,67956.27,1.6209335668e-06,2132.92
24598958,1864244,868666561,1315859079,66819.94,1.6068234494e-06,2114.35
24608958,1403847,1175896499,1315859079,66949.82,1.6078998166e-06,2115.77
24618958,1234883,1289482458,1315859079,67500.83,1.6134240731e-06,2123.04
24628958,1493186,1116117944,1315859079,67251.94,1.6113537515e-06,2120.31
24638958,1698600,977996484,1315859079,67036.73,1.6085935235e-06,2116.68
24648958,1504373,1108698357,1315859079,67551.16,1.6148536141e-06,2124.92
24658958,1443028,1150467357,1315859079,67813.64,1.6179827058e-06,2129.04
24668958,1657022,1005536575,1315859079,67514.90,1.6143623278e-06,2124.27
24678958,1528407,1091666171,1315859079,67189.31,1.6100449931e-06,2118.59
24688958,1493820,1114771949,1315859079,67064.99,1.6085325705e-06,2116.60
24698958,1696036,980594538,1315859079,66246.40,1.5990749649e-06,2104.16
24708958,1516667,1099177919,1315859079,66182.70,1.5981567866e-06,2102.95
24718958,1450533,1143028461,1315859079,66343.24,1.5999882159e-06,2105.36
24728958,1452968,1141405173,1315859079,66679.46,1.6036947680e-06,2110.24
24738958,1438817,1150745587,1315859079,66725.29,1.6041234775e-06,2110.80
24748958,1518936,1097065194,1315859079,66759.33,1.6043485759e-06,2111.10
24758958,1518304,1097405755,1315859079,66460.07,1.6008337656e-06,2106.47
24768958,1765954,933948729,1315859079,65662.25,1.5909864259e-06,2093.51
24778958,1370794,1195565301,1315859079,66719.91,1.6036350792e-06,2110.16
24788958,1564463,1066661770,1315859079,66809.14,1.6049332797e-06,2111.87
24798958,1529934,1089752888,1315859079,66711.88,1.6038196343e-06,2110.40
24808958,1409467,1170389156,1315859079,67101.19,1.6081952144e-06,2116.16
24818958,1577990,1057444981,1315859079,66961.83,1.6066279380e-06,2114.10
24828958,1479034,1123786256,1315859079,67478.61,1.6124962273e-06,2121.82
24838958,1466581,1132133162,1315859079,67833.31,1.6164067994e-06,2126.96
24848958,1792656,911592317,1315859079,67154.72,1.6076534282e-06,2115.45
24858958,1484077,1116961249,1315859079,66721.33,1.6013547476e-06,2107.16
24868958,1472763,1124302690,1315859079,67333.87,1.6080529149e-06,2115.97
24878958,1455811,1135858968,1315859079,67450.14,1.6094470953e-06,2117.81
24888958,1523826,1089845779,1315859079,67656.74,1.6117355309e-06,2120.82
24898958,1492975,1110713209,1315859079,67719.52,1.6124436951e-06,2121.75
24908958,1496138,1108326330,1315859079,67507.66,1.6098487390e-06,2118.33
24918958,1513286,1096728336,1315859079,67558.41,1.6104158737e-06,2119.08
24928958,1543083,1076263263,1315859079,67846.05,1.6135345277e-06,2123.18
24938958,1530450,1084837357,1315859079,67889.55,1.6140429230e-06,2123.85
24948958,1527986,1086532392,1315859079,67906.22,1.6142533854e-06,2124.13
24958958,1455813,1135735867,1315859079,68275.97,1.6184911831e-06,2129.71
24968958,1595978,1040098247,1315859079,68054.26,1.6158487041e-06,2126.23
24978958,1567916,1058761251,1315859079,67563.04,1.6096655320e-06,2118.09
24988958,1551278,1070038908,1315859079,67614.44,1.6102991592e-06,2118.93
24998958,1448241,1139755818,1315859079,67778.74,1.6121447647e-06,2121.36
25008958,1519176,1091621398,1315859079,67700.23,1.6111960844e-06,2120.11
25018958,1500830,1104013489,1315859079,67850.91,1.6128933153e-06,2122.34
25028958,1548538,1071800884,1315859079,67097.95,1.6041520782e-06,2110.84
25038958,1629670,1017267174,1315859079,67001.75,1.6028879353e-06,2109.17
25048958,1531598,1083054542,1315859079,67104.46,1.6041422214e-06,2110.83
25058958,1439240,1145112792,1315859079,67342.43,1.6068073580e-06,2114.33
25068958,1826125,882212779,1315859079,64689.89,1.5682005943e-06,2063.53
25078958,1585457,1038382286,1315859079,64811.42,1.5700309665e-06,2065.94
25088958,1321890,1210374384,1315859079,65702.73,1.5798744713e-06,2078.89
25098958,1337452,1200529850,1315859079,66132.92,1.5845358284e-06,2085.03
25108958,1439375,1133321514,1315859079,66070.20,1.5839990090e-06,2084.32
25118958,1520790,1079761863,1315859079,65741.07,1.5803709216e-06,2079.55
25128958,1424668,1141673791,1315859079,64900.53,1.5702979691e-06,2066.29
25138958,1377835,1171019550,1315859079,64653.54,1.5669145009e-06,2061.84
25148958,1618641,1015093900,1315859079,64712.15,1.5674560059e-06,2062.55
25158958,1798884,898919580,1315859079,64197.61,1.5607750687e-06,2053.76
25168958,1628399,1008094150,1315859079,63019.97,1.5459943099e-06,2034.31
25178958,1547772,1059181786,1315859079,63317.08,1.5496992368e-06,2039.19
25188958,1548761,1058548707,1315859079,63267.34,1.5491085718e-06,2038.41
25198958,1668011,983410041,1315859079,62905.03,1.5447496896e-06,2032.67
25208958,1530015,1070923421,1315859079,63996.47,1.5579776817e-06,2050.08
25218958,1565957,1047789560,1315859079,64295.87,1.5614401953e-06,2054.64
25228958,1643539,998024324,1315859079,64058.83,1.5585682663e-06,2050.86
25238958,1526731,1073008321,1315859079,64242.45,1.5608189307e-06,2053.82
25248958,1693291,961140006,1315859079,65235.35,1.5698978638e-06,2065.76
25258958,2246753,1563605116,1930162278,64808.88,1.5644801600e-06,3019.70
25268958,2078825,1672589313,1930162278,65319.47,1.5700580553e-06,3030.47
25278958,2101995,1657466916,1930162278,65272.62,1.5695541187e-06,3029.49
25288958,1988688,1732427515,1930162278,66759.07,1.5853885486e-06,3060.06
25298958,1874775,1811478473,1930162278,68227.44,1.6012070968e-06,3090.59
25308958,2085655,1667686047,1930162278,68747.98,1.6068761022e-06,3101.53
25318958,2240808,1562054627,1930162278,68031.78,1.5990967887e-06,3086.52
25328958,2301177,1521777428,1930162278,67686.69,1.5953933049e-06,3079.37
25338958,2218611,1874703742,2115556022,68349.61,1.6029430015e-06,3391.12
25348958,2526798,1569853501,2056024876,67778.40,1.5965160727e-06,3282.48
25358958,2358632,1684115608,2056024876,68114.13,1.6005045501e-06,3290.68
25368958,2415559,1645619460,2055947006,67796.44,1.5969684464e-06,3283.28
25378958,1827924,1064158947,1441643807,67068.38,1.5885463373e-06,2290.12
25388958,1578264,1231485615,1441643807,66976.63,1.5874612230e-06,2288.55
25398958,1759406,1109228078,1441643807,67200.15,1.5895407178e-06,2291.55
25408958,1811581,1074267136,1441643807,67084.52,1.5881575577e-06,2289.56
25418958,1715339,1138417051,1441643807,66940.32,1.5861549797e-06,2286.67
25428958,1720224,1134777241,1441643807,67507.77,1.5926694569e-06,2296.06
25438958,1706542,1144016039,1441643807,67546.19,1.5931259460e-06,2296.72
25448958,1667094,1168443265,1441643807,66359.35,1.5778627585e-06,2274.72
25458958,1638391,1286963853,1505124934,66039.51,1.5739219905e-06,2368.95
25468958,1717947,1234811897,1505124934,65323.69,1.5660083316e-06,2357.04
25478958,1764073,1204816374,1505094695,65099.79,1.5635057893e-06,2353.22
25488958,1948452,1084900634,1505094695,64933.79,1.5614329330e-06,2350.10
25498958,1588435,1320036870,1505094695,65683.14,1.5702472710e-06,2363.37
25508958,1798060,1182419368,1505094695,65575.43,1.5690075433e-06,2361.50
25518958,2698902,601957222,1505094695,63315.35,1.5353030814e-06,2310.78
25528958,1793249,1177939883,1505094695,63568.80,1.5400271390e-06,2317.89
25538958,1787352,1181298550,1505094695,63924.71,1.5439946243e-06,2323.86
25548958,1959657,1069661537,1505094695,64217.40,1.5468145126e-06,2328.10
25558958,1707348,1443051211,1640167886,65231.06,1.5588479456e-06,2556.77
25568958,1841151,1354157914,1640167886,66813.81,1.5756320710e-06,2584.30
25578958,1714805,1437785465,1640167886,66658.08,1.5735228386e-06,2580.84
25588958,1501266,1580720432,1640167886,67474.46,1.5813573242e-06,2593.69
25598958,1897880,1314970589,1640167886,67052.90,1.5776154281e-06,2587.55
25608958,1945170,1283292500,1640167886,66922.58,1.5760889662e-06,2585.05
25618958,1821153,1364891906,1640167886,66284.09,1.5681483192e-06,2572.03
25628958,1861453,1338382373,1640167886,66147.28,1.5667194182e-06,2569.68
25638958,1593035,1516733650,1640167886,66744.72,1.5730099683e-06,2580.00
25648958,1890669,1319066445,1640167886,66082.74,1.5659812962e-06,2568.47
25658958,2200694,1115248669,1640167886,65403.60,1.5575124318e-06,2554.58
25668958,2010966,1239729815,1640167886,65817.96,1.5628319089e-06,2563.31
25678958,1732214,1424055819,1640167886,66433.93,1.5698598525e-06,2574.83
25688958,1784718,1389205906,1640167886,66317.25,1.5686088624e-06,2572.78
25698958,1929156,1293649601,1640167886,65997.85,1.5649929343e-06,2566.85
25708958,1853310,1347885665,1640167886,66021.79,1.5678115708e-06,2571.47
25718958,2082764,1197102118,1640167886,65407.88,1.5604462354e-06,2559.39
25728958,676497,2143954816,1640167886,69310.55,1.5930311865e-06,2612.84
25738958,865445,2013509351,1640167886,68766.17,1.5904729982e-06,2608.64
25748958,1904242,1303246588,1640167886,69038.94,1.5961262582e-06,2617.92
25758958,1784100,1385831700,1640167886,68686.35,1.5920716998e-06,2611.26
25768958,1834663,1351011985,1640167886,68127.87,1.5857698910e-06,2600.93
25778958,1834007,1351426139,1640167886,67805.93,1.5821499972e-06,2594.99
25788958,2044947,1252379452,1668338827,66370.59,1.5642043129e-06,2609.62
25798958,1892339,1353300892,1668338827,67131.05,1.5726110112e-06,2623.65
25808958,1954304,1312289151,1668338827,66572.98,1.5664249836e-06,2613.33
25818958,1494249,1621442758,1668338827,67831.39,1.5794229068e-06,2635.01
25828958,1971909,1296496350,1668338827,67867.15,1.5792804049e-06,2634.77
25838958,1864012,1370165443,1668338827,68128.76,1.5824685170e-06,2640.09
25848958,1934875,1322287382,1668338827,67780.02,1.5786637806e-06,2633.75
25858958,1813197,1403918235,1668338827,67513.96,1.5752671165e-06,2628.08
25868958,1489617,1626156299,1668338827,69276.93,1.5932718476e-06,2658.12
25878958,1850298,1368856613,1668338827,71009.82,1.6080366043e-06,2682.75
25888958,1715625,1472643355,1673377627,71060.51,1.6085879944e-06,2691.78
25898958,1825953,1393492962,1673377627,72522.52,1.6240924992e-06,2717.72
25908958,1501732,1630014522,1673377627,73381.40,1.6326300263e-06,2732.01
25918958,1730447,1461519820,1673377627,72995.42,1.6282438276e-06,2724.67
25928958,1739646,1454753103,1673377627,72566.36,1.6237523820e-06,2717.15
25938958,1998131,1268053013,1673377627,72124.76,1.6190011364e-06,2709.20
25948958,1732553,1459601655,1673377627,72112.74,1.6188772800e-06,2708.99
25958958,1877515,1354957879,1673377627,72190.88,1.6196897102e-06,2710.35
25968958,2015614,1254497207,1673377627,72515.08,1.6231371018e-06,2716.12
25978958,1909784,1331936345,1673377627,71840.45,1.6158538993e-06,2703.93
25988958,1870956,1357363804,1673377627,70737.49,1.6020479322e-06,2680.83
25998958,1931062,1314244403,1673377627,70793.46,1.6023340880e-06,2681.31
26008958,1872219,1356338974,1673377627,70928.02,1.6041010767e-06,2684.27
26018958,1608969,1541637198,1673377627,70835.33,1.6023613668e-06,2681.36
26028958,1848734,1370914860,1673377627,70622.87,1.5994858436e-06,2676.54
26038958,1922293,1319037569,1673377627,70428.18,1.5972924505e-06,2672.87
26048958,1990367,1328727200,1709210689,70350.27,1.5966175500e-06,2728.96
26058958,1796299,1463411663,1709210689,69733.55,1.5890579190e-06,2716.03
26068958,1854620,1420826331,1709210689,68576.59,1.5753830022e-06,2692.66
26078958,1768016,1479281548,1709210689,68067.29,1.5695678246e-06,2682.72
26088958,1851545,1422308725,1709210689,67896.72,1.5676517484e-06,2679.45
26098958,1935166,1365324280,1709210689,67899.41,1.5675601185e-06,2679.29
26108958,1862879,1414527323,1709210689,67935.87,1.5680280768e-06,2680.09
26118958,1983434,1332671258,1709210689,67745.25,1.5658418254e-06,2676.35
26128958,1763750,1481474701,1709210689,67735.05,1.5657237009e-06,2676.15
26138958,1835379,1432945972,1709210689,67690.48,1.5652388170e-06,2675.32
26148958,1866671,1411762689,1709210689,67695.12,1.5652885288e-06,2675.41
26158958,1924431,1372737711,1709210689,67538.32,1.5635673234e-06,2672.47
26168958,1985922,1331259180,1709210689,67104.90,1.5585615558e-06,2663.91
26178958,1865096,1412410981,1709210689,67166.90,1.5592800192e-06,2665.14
26188958,1958784,1349536568,1709210689,67046.97,1.5579365550e-06,2662.84
26198958,1921497,1374610752,1709210689,66858.91,1.5558659298e-06,2659.30
26208958,1905787,1385296551,1709210689,66926.44,1.5567254987e-06,2660.77
26218958,1745975,1492918562,1709210689,67562.00,1.5636072668e-06,2672.53
26228958,2171939,1205324517,1709210689,67205.69,1.5591940342e-06,2664.99
26238958,1903524,1385129577,1709210689,66996.90,1.5565263999e-06,2660.43
26248958,1931876,1437635192,1755081183,66824.88,1.5546910841e-06,2728.61
26258958,2003211,1389812415,1755081183,66848.32,1.5548713032e-06,2728.93
26268958,1825258,1505112974,1755081183,66093.72,1.5449392475e-06,2711.49
26278958,2215621,1247585786,1755081183,66008.69,1.5441383902e-06,2710.09
26288958,1940280,1430134863,1755081183,67233.83,1.5581384105e-06,2734.66
26298958,1957628,1418656053,1755081183,67123.76,1.5570160146e-06,2732.69
26308958,2195219,1256513018,1755081183,67696.93,1.5626678141e-06,2742.61
26318958,1881488,1467578161,1755081183,68021.53,1.5653948998e-06,2747.40
26328958,1905523,1450626249,1755081183,68682.46,1.5722271731e-06,2759.39
26338958,1924906,1437274400,1755081183,68270.38,1.5676853311e-06,2751.42
26348958,1772517,1541646312,1755081183,68660.87,1.5718200696e-06,2758.67
26358958,1928531,1434867191,1755081183,68224.47,1.5672193876e-06,2750.60
26368958,1307641,1863900720,1755081183,69986.32,1.5834427300e-06,2779.07
26378958,1778743,1532957770,1755081183,69671.89,1.5795517707e-06,2772.24
26388958,1521661,1713134251,1755081183,70500.66,1.5873426729e-06,2785.92
26398958,1936149,1420673200,1755081183,70378.12,1.5858516908e-06,2783.30
26408958,2422282,1080935364,1755081183,69286.61,1.5721509301e-06,2759.25
26418958,1302158,1861847907,1755081183,70955.66,1.5872785519e-06,2785.80
26428958,1931800,1419567866,1755081183,69728.93,1.5763324141e-06,2766.59
26438958,2105064,1299175348,1755081183,69351.13,1.5720417876e-06,2759.06
26448958,1957472,1401598165,1755081183,69675.29,1.5756949458e-06,2765.47
26458958,1935326,1416855261,1755081183,69320.04,1.5716789108e-06,2758.42
26468958,1900573,1441166267,1755081183,69466.08,1.5733857837e-06,2761.42
26478958,1969978,1393098663,1755081183,69250.15,1.5710449316e-06,2757.31
26488958,1997765,1374123311,1755081183,68978.25,1.5681022327e-06,2752.15
26498958,1925953,1422619039,1755081183,70002.19,1.5787465356e-06,2770.83
26508958,1852800,1474446403,1755081183,70376.61,1.5830516857e-06,2778.38
26518958,1920352,1426963731,1755081183,70206.02,1.5812182673e-06,2775.17
26528958,1891996,1447198730,1755081183,70085.34,1.5801038603e-06,2773.21
26538958,2135284,1277477643,1755081183,69529.41,1.5737892870e-06,2762.13
26548958,1895313,1443201907,1755081183,69119.69,1.5687230672e-06,2753.24
26558958,1818125,1496812976,1755081183,69483.22,1.5726365575e-06,2760.10
26568958,1832678,1486951608,1755081183,69836.71,1.5764704149e-06,2766.83
26578958,2110389,1292383561,1755081183,69765.40,1.5752575226e-06,2764.70
26588958,2061931,1325723994,1755081183,69653.18,1.5736733124e-06,2761.92
26598958,2056319,1329752147,1755081183,69619.26,1.5733438392e-06,2761.35
26608958,1979748,1381715138,1755081183,70012.57,1.5770139914e-06,2767.79
26618958,1459268,1749140089,1755081183,71137.33,1.5880885993e-06,2787.22
26628958,1884358,1445794561,1755081183,70937.60,1.5854041110e-06,2782.51
26638958,1842027,1475880392,1755081183,71219.83,1.5883988421e-06,2787.77
26648958,1792440,1511546184,1755081183,71476.95,1.5912241872e-06,2792.73
26658958,1650736,1613396990,1755081183,71996.73,1.5964349472e-06,2801.87
26668958,1795140,1507994890,1755081183,73223.28,1.6081622462e-06,2822.46
26678958,2095864,1290046435,1755081183,71679.41,1.5910086960e-06,2792.35
26688958,1854675,1462173915,1755081183,70859.67,1.5819157187e-06,2776.39
26698958,1836463,1474551241,1755081183,70462.30,1.5774570726e-06,2768.57
26708958,1973663,1377704988,1755081183,70454.58,1.5772723108e-06,2768.24
26718958,1891440,1435401455,1755081183,70817.12,1.5810463739e-06,2774.86
26728958,1820214,1485426081,1755081183,70359.72,1.5760659078e-06,2766.12
26738958,1921065,1414625720,1755081183,70165.45,1.5740295395e-06,2762.55
26748958,1796395,1502154648,1755081183,70367.59,1.5761290984e-06,2766.23
26758958,2005386,1354648243,1755081183,70376.22,1.5759744546e-06,2765.96
26768958,1946352,1395922117,1755081183,70305.73,1.5750377472e-06,2764.32
26778958,1842475,1469072271,1755081183,70529.90,1.5774586951e-06,2768.57
26788958,1739121,1542193766,1755081183,70852.26,1.5807817087e-06,2774.40
26798958,1812761,1490255090,1755081183,70942.50,1.5818488162e-06,2776.27
26808958,1727000,1551213209,1755081183,71216.92,1.5846157998e-06,2781.13
26818958,1871789,1448127091,1755081183,71159.70,1.5840216037e-06,2780.09
26828958,1833551,1475336877,1755081183,71500.40,1.5875807513e-06,2786.33
26838958,2007782,1351022072,1755081183,71131.77,1.5835125298e-06,2779.19
26848958,1890685,1434532951,1755081183,71098.79,1.5832812145e-06,2778.79
26858958,2025990,1337844740,1755081183,71120.91,1.5832585406e-06,2778.75
26868958,1630773,1619499921,1755081183,71729.91,1.5892438153e-06,2789.25
26878958,1929271,1402380566,1755081183,72178.84,1.5924653738e-06,2794.91
26888958,1819566,1481541455,1755081183,72482.51,1.5956005913e-06,2800.41
26898958,1858399,1450937957,1755081183,73360.24,1.6034950196e-06,2814.26
26908958,1996844,1349847019,1755081183,72838.68,1.5978302247e-06,2804.32
26918958,1829025,1472555246,1755081183,73255.73,1.6024449343e-06,2812.42
26928958,1890777,1427243843,1755081183,73117.42,1.6009123870e-06,2809.73
26938958,1714886,1555659953,1755081183,73461.65,1.6041670772e-06,2815.44
26948958,1951117,1381986333,1755081183,73581.48,1.6054227000e-06,2817.65
26958958,1846996,1457685214,1755081183,74294.61,1.6124061184e-06,2829.90
26968958,1621750,1626365447,1755081183,75227.41,1.6217859428e-06,2846.37
26978958,1857074,1448498169,1755081183,74043.59,1.6087816252e-06,2823.54
26988958,1682971,1576733583,1755081183,73959.72,1.6075918320e-06,2821.45
26998958,1970939,1364082836,1755081183,73550.22,1.6031809496e-06,2813.71
27008958,2028046,1321572029,1755081183,73452.77,1.6017652703e-06,2811.23
27018958,1896369,1417130141,1755081183,73541.06,1.6020569730e-06,2811.74
27028958,1669249,1585134209,1755081183,74202.90,1.6089086588e-06,2823.77
27038958,1840560,1457979633,1755081183,74151.73,1.6083510519e-06,2822.79
27048958,1932141,1390155669,1755081183,73623.83,1.6025878559e-06,2812.67
27058958,1761311,1516140751,1755081183,73997.93,1.6064638712e-06,2819.47
27068958,1806494,1482838616,1755081183,73764.42,1.6041357242e-06,2815.39
27078958,1824996,1469293967,1755081183,73663.84,1.6031486655e-06,2813.66
27088958,1941412,1383322405,1755081183,73615.34,1.6024896905e-06,2812.50
27098958,1801578,1364205517,1680544240,72114.45,1.5848458903e-06,2663.40
27108958,1812181,1356522428,1680544240,71033.93,1.5731723941e-06,2643.79
27118958,1816184,1353612538,1680544240,71204.34,1.5749745103e-06,2646.81
27128958,1820677,1350128498,1680544240,71019.51,1.5728026584e-06,2643.16
27138958,1895065,1297182826,1680544240,70985.22,1.5723470796e-06,2642.40
27148958,1774135,1383336571,1680544240,71222.87,1.5750412469e-06,2646.93
27158958,1820925,1349950742,1680544240,70775.12,1.5701536052e-06,2638.71
27168958,1784933,1374946084,1680544240,70174.61,1.5634910612e-06,2627.52
27178958,1918903,1280923055,1680544240,70152.44,1.5632318849e-06,2627.08
27188958,2059632,1183371209,1680544240,69373.76,1.5543865294e-06,2612.22
27198958,1747327,1398960288,1680544240,69700.52,1.5571481631e-06,2616.86
27208958,1755541,1392915410,1680544240,70452.92,1.5648176400e-06,2629.75
27218958,1844673,1330187598,1680544240,70319.59,1.5633947474e-06,2627.35
27228958,1784509,1371824027,1680544240,70523.21,1.5651579084e-06,2630.32
27238958,1812968,1351556265,1680544240,70626.11,1.5661503692e-06,2631.98
27248958,1781621,1373789886,1680544240,70474.36,1.5645977892e-06,2629.38
27258958,1828155,1341019633,1680544240,70345.67,1.5632123312e-06,2627.05
27268958,1854211,1322776192,1680544240,70336.58,1.5631631292e-06,2626.96
27278958,1752146,1394457703,1680544240,69942.97,1.5589953741e-06,2619.96
27288958,1912397,1282539357,1680544240,69727.20,1.5566387531e-06,2616.00
27298958,1667114,1454457890,1680544240,70425.28,1.5640930340e-06,2628.53
27308958,1723424,1414181965,1680544240,70543.80,1.5649398548e-06,2629.95
27318958,1751875,1394075432,1680544240,70729.81,1.5668574652e-06,2633.17
27328958,1759539,1388728568,1680544240,70722.40,1.5668238356e-06,2633.12
27338958,1785124,1370416680,1680544240,70552.84,1.5648932140e-06,2629.87
27348958,1827214,1340718751,1680544240,70572.16,1.5651019718e-06,2630.22
27358958,1763913,1385347209,1680544240,70653.42,1.5659284979e-06,2631.61
27368958,1819952,1345807759,1680544240,70355.31,1.5627322095e-06,2626.24
27378958,1823368,1343437734,1680544240,70375.30,1.5629689371e-06,2626.64
27388958,1852653,1322840237,1680544240,70294.08,1.5620806264e-06,2625.15
27398958,2308740,1005095026,1680544240,69047.06,1.5466490763e-06,2599.21
27408958,1813788,1346165653,1680544240,69379.00,1.5498275088e-06,2604.55
27418958,1834912,1331515954,1680544240,69323.81,1.5492283504e-06,2603.55
27428958,1792115,1361064501,1680544240,68737.33,1.5429028943e-06,2592.92
27438958,1961239,1244925204,1680544240,68390.11,1.5389173540e-06,2586.22
27448958,1791894,1361396092,1680544240,68824.56,1.5439398335e-06,2594.66
27458958,1821261,1341281127,1680544240,68806.00,1.5437962744e-06,2594.42
27468958,1824345,1339120576,1680544240,68433.27,1.5397271458e-06,2587.58
27478958,1866742,1310140053,1680544240,68276.57,1.5380061552e-06,2584.69
27488958,1814763,1345686152,1680544240,68063.94,1.5357437552e-06,2580.89
27498958,1666206,1446598639,1680544240,68512.46,1.5400709906e-06,2588.16
27508958,1742311,1391044810,1680544240,68309.93,1.5359406271e-06,2581.22
27518958,1875597,1299827895,1680544240,68424.64,1.5371201026e-06,2583.20
